2023-07-10 23:46:50.458,-38,-8,116,79,5000,
2023-07-10 23:46:50.458,-38,-9,110,79,5000,
2023-07-10 23:46:50.458,-38,-9,110,79,5000,
2023-07-10 23:46:50.458,-38,-10,110,79,5000,
2023-07-10 23:46:50.458,-39,-11,114,79,5000,
2023-07-10 23:46:50.458,-39,-11,109,79,5000,
2023-07-10 23:46:50.458,-40,-12,117,79,5000,
2023-07-10 23:46:50.471,-41,-13,116,79,5000,
2023-07-10 23:46:50.471,-42,-14,112,79,5000,
2023-07-10 23:46:50.471,-43,-15,114,79,5000,
2023-07-10 23:46:50.471,-43,-16,110,79,5000,
2023-07-10 23:46:50.503,-44,-16,113,79,5000,
2023-07-10 23:46:50.503,-45,-18,115,79,5000,
2023-07-10 23:46:50.559,-46,-19,113,79,5000,
2023-07-10 23:46:50.559,-47,-20,109,79,5000,
2023-07-10 23:46:50.559,-47,-21,111,79,5000,
2023-07-10 23:46:50.634,-48,-22,109,79,5000,
2023-07-10 23:46:50.634,-49,-23,113,79,5000,
2023-07-10 23:46:50.672,-49,-24,124,79,5000,
2023-07-10 23:46:50.672,-50,-25,116,79,5000,
2023-07-10 23:46:50.719,-50,-26,111,79,5000,
2023-07-10 23:46:50.719,-51,-26,114,79,5000,
2023-07-10 23:46:50.773,-52,-26,118,79,5000,
2023-07-10 23:46:50.773,-53,-27,114,79,5000,
2023-07-10 23:46:50.828,-53,-27,115,79,5000,
2023-07-10 23:46:50.828,-53,-27,115,79,5000,
2023-07-10 23:46:50.828,-54,-27,112,79,5000,
2023-07-10 23:46:50.868,-55,-27,115,79,5000,
2023-07-10 23:46:50.868,-55,-27,111,79,5000,
2023-07-10 23:46:50.908,-55,-27,107,79,5000,
2023-07-10 23:46:50.908,-56,-26,109,79,5000,
2023-07-10 23:46:50.960,-56,-26,110,79,5000,
2023-07-10 23:46:50.960,-57,-25,109,79,5000,
2023-07-10 23:46:51.008,-57,-24,105,79,300,
2023-07-10 23:46:51.008,-57,-24,115,79,300,
2023-07-10 23:46:51.008,-57,-23,116,79,300,
2023-07-10 23:46:51.065,-57,-22,114,79,300,
2023-07-10 23:46:51.065,-57,-21,110,79,300,
2023-07-10 23:46:51.116,-58,-19,110,79,300,
2023-07-10 23:46:51.116,-58,-19,112,79,300,
2023-07-10 23:46:51.163,-58,-18,111,79,300,
2023-07-10 23:46:51.163,-58,-17,110,78,300,
2023-07-10 23:46:51.163,-57,-16,113,78,300,
2023-07-10 23:46:51.244,-57,-15,112,78,300,
2023-07-10 23:46:51.244,-56,-14,115,78,300,
2023-07-10 23:46:51.259,-56,-13,118,78,300,
2023-07-10 23:46:51.259,-55,-12,117,78,300,
2023-07-10 23:46:51.313,-54,-11,116,78,300,
2023-07-10 23:46:51.313,-53,-9,117,78,300,
2023-07-10 23:46:51.371,-53,-8,119,78,300,
2023-07-10 23:46:51.371,-52,-8,117,78,300,
2023-07-10 23:46:51.371,-51,-7,115,78,300,
2023-07-10 23:46:51.418,-50,-7,114,78,300,
2023-07-10 23:46:51.418,-50,-6,113,78,300,
2023-07-10 23:46:51.472,-49,-6,111,78,300,
2023-07-10 23:46:51.472,-48,-6,111,78,300,
2023-07-10 23:46:51.472,-48,-6,111,79,300,
2023-07-10 23:46:51.518,-47,-5,111,79,300,
2023-07-10 23:46:51.518,-47,-5,110,79,300,
2023-07-10 23:46:51.565,-47,-5,117,79,300,
2023-07-10 23:46:51.565,-47,-5,118,79,300,
2023-07-10 23:46:51.628,-46,-5,119,79,300,
2023-07-10 23:46:51.628,-46,-5,114,79,300,
2023-07-10 23:46:51.628,-46,-5,112,79,300,
2023-07-10 23:46:51.704,-45,-6,116,79,300,
2023-07-10 23:46:51.704,-45,-6,114,79,5000,
2023-07-10 23:46:51.719,-45,-7,118,79,5000,
2023-07-10 23:46:51.719,-45,-8,115,79,5000,
2023-07-10 23:46:51.781,-45,-8,118,79,5000,
2023-07-10 23:46:51.781,-45,-9,114,79,5000,
2023-07-10 23:46:51.781,-45,-10,116,79,5000,
2023-07-10 23:46:51.842,-45,-11,115,79,5000,
2023-07-10 23:46:51.842,-45,-12,115,79,5000,
2023-07-10 23:46:51.888,-45,-13,118,79,5000,
2023-07-10 23:46:51.888,-45,-13,111,79,5000,
2023-07-10 23:46:51.935,-45,-15,111,79,5000,
2023-07-10 23:46:51.935,-45,-16,114,79,5000,
2023-07-10 23:46:51.935,-45,-17,115,79,5000,
2023-07-10 23:46:51.990,-45,-19,111,79,5000,
2023-07-10 23:46:51.990,-45,-20,113,79,5000,
2023-07-10 23:46:52.037,-45,-21,111,79,5000,
2023-07-10 23:46:52.037,-45,-23,111,79,5000,
2023-07-10 23:46:52.089,-45,-24,109,79,5000,
2023-07-10 23:46:52.089,-45,-25,108,79,5000,
2023-07-10 23:46:52.137,-45,-25,110,79,5000,
2023-07-10 23:46:52.137,-46,-26,111,79,5000,
2023-07-10 23:46:52.189,-46,-27,111,79,5000,
2023-07-10 23:46:52.189,-46,-28,111,79,5000,
2023-07-10 23:46:52.189,-46,-28,115,79,5000,
2023-07-10 23:46:52.236,-47,-28,112,79,5000,
2023-07-10 23:46:52.236,-47,-28,114,79,5000,
2023-07-10 23:46:52.290,-47,-28,111,79,5000,
2023-07-10 23:46:52.291,-47,-28,113,79,5000,
2023-07-10 23:46:52.335,-48,-28,115,79,5000,
2023-07-10 23:46:52.335,-48,-28,113,79,5000,
2023-07-10 23:46:52.391,-49,-28,115,79,5000,
2023-07-10 23:46:52.391,-49,-28,111,79,5000,
2023-07-10 23:46:52.438,-49,-27,114,79,5000,
2023-07-10 23:46:52.438,-49,-27,115,79,5000,
2023-07-10 23:46:52.485,-50,-26,116,79,300,
2023-07-10 23:46:52.485,-50,-25,113,79,300,
2023-07-10 23:46:52.485,-50,-24,115,80,300,
2023-07-10 23:46:52.531,-50,-23,114,80,300,
2023-07-10 23:46:52.531,-50,-22,118,80,300,
2023-07-10 23:46:52.591,-50,-21,114,80,300,
2023-07-10 23:46:52.591,-50,-20,112,80,300,
2023-07-10 23:46:52.638,-50,-20,112,80,300,
2023-07-10 23:46:52.638,-50,-19,113,80,300,
2023-07-10 23:46:52.638,-49,-18,119,80,300,
2023-07-10 23:46:52.692,-49,-17,116,80,300,
2023-07-10 23:46:52.692,-49,-15,112,80,300,
2023-07-10 23:46:52.754,-49,-15,121,80,300,
2023-07-10 23:46:52.754,-49,-13,113,80,300,
2023-07-10 23:46:52.792,-49,-12,115,80,300,
2023-07-10 23:46:52.792,-49,-11,118,80,300,
2023-07-10 23:46:52.848,-49,-10,116,80,300,
2023-07-10 23:46:52.848,-49,-9,112,79,300,
2023-07-10 23:46:52.848,-48,-9,116,79,300,
2023-07-10 23:46:52.892,-48,-8,113,79,300,
2023-07-10 23:46:52.892,-48,-8,112,79,300,
2023-07-10 23:46:52.892,-48,-7,112,79,300,
2023-07-10 23:46:52.939,-48,-6,115,79,300,
2023-07-10 23:46:52.939,-48,-6,115,79,300,
2023-07-10 23:46:52.993,-48,-6,115,79,300,
2023-07-10 23:46:52.993,-49,-5,118,79,300,
2023-07-10 23:46:53.038,-49,-5,114,79,300,
2023-07-10 23:46:53.038,-49,-5,116,79,300,
2023-07-10 23:46:53.038,-49,-5,117,79,300,
2023-07-10 23:46:53.125,-49,-5,116,79,300,
2023-07-10 23:46:53.125,-50,-5,115,79,300,
2023-07-10 23:46:53.143,-50,-5,111,79,300,
2023-07-10 23:46:53.143,-50,-5,119,79,5000,
2023-07-10 23:46:53.143,-50,-6,121,78,5000,
2023-07-10 23:46:53.194,-50,-7,113,78,5000,
2023-07-10 23:46:53.194,-51,-8,111,78,5000,
2023-07-10 23:46:53.250,-51,-9,120,78,5000,
2023-07-10 23:46:53.250,-51,-10,115,78,5000,
2023-07-10 23:46:53.294,-51,-11,121,78,5000,
2023-07-10 23:46:53.294,-51,-11,113,78,5000,
2023-07-10 23:46:53.350,-51,-12,125,78,5000,
2023-07-10 23:46:53.350,-51,-13,119,78,5000,
2023-07-10 23:46:53.394,-51,-15,116,78,5000,
2023-07-10 23:46:53.394,-51,-16,121,78,5000,
2023-07-10 23:46:53.394,-51,-17,120,78,5000,
2023-07-10 23:46:53.457,-51,-18,117,78,5000,
2023-07-10 23:46:53.457,-51,-20,117,78,5000,
2023-07-10 23:46:53.510,-51,-21,120,78,5000,
2023-07-10 23:46:53.510,-51,-22,115,78,5000,
2023-07-10 23:46:53.557,-51,-23,120,78,5000,
2023-07-10 23:46:53.557,-51,-23,118,78,5000,
2023-07-10 23:46:53.595,-51,-24,118,78,5000,
2023-07-10 23:46:53.595,-51,-25,113,78,5000,
2023-07-10 23:46:53.657,-51,-25,117,78,5000,
2023-07-10 23:46:53.657,-51,-26,113,78,5000,
2023-07-10 23:46:53.657,-51,-27,116,78,5000,
2023-07-10 23:46:53.695,-51,-27,112,78,5000,
2023-07-10 23:46:53.695,-51,-27,114,78,5000,
2023-07-10 23:46:53.751,-51,-27,113,78,5000,
2023-07-10 23:46:53.751,-50,-28,116,78,5000,
2023-07-10 23:46:53.811,-50,-28,111,78,5000,
2023-07-10 23:46:53.811,-50,-28,111,78,5000,
2023-07-10 23:46:53.860,-49,-28,111,79,5000,
2023-07-10 23:46:53.860,-48,-27,114,79,5000,
2023-07-10 23:46:53.860,-48,-27,109,79,5000,
2023-07-10 23:46:53.906,-47,-27,113,79,5000,
2023-07-10 23:46:53.906,-47,-27,112,79,300,
2023-07-10 23:46:53.953,-46,-26,109,79,300,
2023-07-10 23:46:53.953,-46,-25,107,79,300,
2023-07-10 23:46:54.012,-45,-24,120,79,300,
2023-07-10 23:46:54.012,-45,-24,113,79,300,
2023-07-10 23:46:54.065,-44,-23,116,79,300,
2023-07-10 23:46:54.065,-44,-22,114,79,300,
2023-07-10 23:46:54.065,-43,-21,112,79,300,
2023-07-10 23:46:54.112,-43,-20,113,79,300,
2023-07-10 23:46:54.112,-43,-19,114,79,300,
2023-07-10 23:46:54.159,-42,-18,117,79,300,
2023-07-10 23:46:54.159,-42,-17,116,79,300,
2023-07-10 23:46:54.213,-42,-16,121,79,300,
2023-07-10 23:46:54.213,-42,-15,118,79,300,
2023-07-10 23:46:54.213,-41,-14,120,79,300,
2023-07-10 23:46:54.261,-41,-13,118,79,300,
2023-07-10 23:46:54.261,-41,-12,111,79,300,
2023-07-10 23:46:54.313,-41,-11,115,79,300,
2023-07-10 23:46:54.313,-41,-10,109,79,300,
2023-07-10 23:46:54.378,-42,-9,111,79,300,
2023-07-10 23:46:54.378,-42,-8,115,79,300,
2023-07-10 23:46:54.378,-42,-8,113,79,300,
2023-07-10 23:46:54.429,-43,-8,114,79,300,
2023-07-10 23:46:54.429,-43,-7,117,79,300,
2023-07-10 23:46:54.460,-43,-7,111,79,300,
2023-07-10 23:46:54.460,-44,-7,115,79,300,
2023-07-10 23:46:54.510,-44,-7,112,79,300,
2023-07-10 23:46:54.510,-45,-7,118,79,300,
2023-07-10 23:46:54.510,-45,-7,114,79,300,
2023-07-10 23:46:54.564,-46,-6,118,79,300,
2023-07-10 23:46:54.564,-47,-6,113,79,300,
2023-07-10 23:46:54.614,-47,-6,111,79,300,
2023-07-10 23:46:54.614,-48,-7,113,79,5000,
2023-07-10 23:46:54.698,-48,-7,118,79,5000,
2023-07-10 23:46:54.698,-50,-8,121,79,5000,
2023-07-10 23:46:54.698,-50,-9,121,79,5000,
2023-07-10 23:46:54.714,-51,-9,116,79,5000,
2023-07-10 23:46:54.714,-52,-10,123,79,5000,
2023-07-10 23:46:54.777,-52,-11,114,79,5000,
2023-07-10 23:46:54.777,-53,-12,120,79,5000,
2023-07-10 23:46:54.777,-54,-12,112,79,5000,
2023-07-10 23:46:54.818,-55,-14,110,78,5000,
2023-07-10 23:46:54.818,-55,-15,110,78,5000,
2023-07-10 23:46:54.868,-56,-15,110,78,5000,
2023-07-10 23:46:54.868,-57,-16,115,78,5000,
2023-07-10 23:46:54.925,-58,-17,112,78,5000,
2023-07-10 23:46:54.925,-59,-18,112,78,5000,
2023-07-10 23:46:54.972,-59,-19,117,78,5000,
2023-07-10 23:46:54.972,-59,-19,115,78,5000,
2023-07-10 23:46:55.026,-59,-20,114,78,5000,
2023-07-10 23:46:55.026,-60,-21,111,78,5000,
2023-07-10 23:46:55.070,-60,-21,118,78,5000,
2023-07-10 23:46:55.070,-60,-22,120,78,5000,
2023-07-10 23:46:55.070,-60,-22,116,78,5000,
2023-07-10 23:46:55.125,-60,-23,112,78,5000,
2023-07-10 23:46:55.125,-60,-23,117,79,5000,
2023-07-10 23:46:55.172,-60,-23,115,79,5000,
2023-07-10 23:46:55.172,-60,-24,111,79,5000,
2023-07-10 23:46:55.226,-59,-24,110,79,5000,
2023-07-10 23:46:55.226,-58,-24,112,79,5000,
2023-07-10 23:46:55.272,-57,-24,108,79,5000,
2023-07-10 23:46:55.272,-57,-24,114,79,5000,
2023-07-10 23:46:55.351,-56,-24,113,79,5000,
2023-07-10 23:46:55.351,-56,-24,110,79,5000,
2023-07-10 23:46:55.351,-54,-24,117,79,5000,
2023-07-10 23:46:55.389,-53,-24,116,79,5000,
2023-07-10 23:46:55.389,-52,-23,113,79,300,
2023-07-10 23:46:55.426,-51,-23,113,79,300,
2023-07-10 23:46:55.426,-50,-22,115,79,300,
2023-07-10 23:46:55.488,-49,-22,111,79,300,
2023-07-10 23:46:55.488,-49,-21,114,79,300,
2023-07-10 23:46:55.526,-48,-20,115,79,300,
2023-07-10 23:46:55.526,-47,-19,117,79,300,
2023-07-10 23:46:55.526,-47,-19,106,79,300,
2023-07-10 23:46:55.581,-46,-18,112,79,300,
2023-07-10 23:46:55.581,-45,-17,114,79,300,
2023-07-10 23:46:55.626,-44,-16,117,79,300,
2023-07-10 23:46:55.626,-43,-14,119,79,300,
2023-07-10 23:46:55.673,-42,-13,117,79,300,
2023-07-10 23:46:55.673,-42,-12,115,79,300,
2023-07-10 23:46:55.726,-41,-11,114,79,300,
2023-07-10 23:46:55.726,-41,-11,118,79,300,
2023-07-10 23:46:55.726,-40,-11,116,79,300,
2023-07-10 23:46:55.773,-39,-10,113,79,300,
2023-07-10 23:46:55.773,-39,-9,123,79,300,
2023-07-10 23:46:55.836,-39,-8,109,79,300,
2023-07-10 23:46:55.836,-39,-8,113,79,300,
2023-07-10 23:46:55.836,-38,-8,112,79,300,
2023-07-10 23:46:55.887,-38,-8,109,79,300,
2023-07-10 23:46:55.887,-38,-8,113,79,300,
2023-07-10 23:46:55.927,-38,-7,110,79,300,
2023-07-10 23:46:55.927,-38,-7,113,79,300,
2023-07-10 23:46:55.927,-38,-7,114,79,300,
2023-07-10 23:46:55.974,-38,-7,117,79,300,
2023-07-10 23:46:55.974,-39,-7,111,79,300,
2023-07-10 23:46:56.028,-39,-7,117,79,300,
2023-07-10 23:46:56.028,-39,-7,114,79,300,
2023-07-10 23:46:56.112,-39,-7,118,79,300,
2023-07-10 23:46:56.112,-40,-8,113,79,5000,
2023-07-10 23:46:56.112,-40,-8,116,79,5000,
2023-07-10 23:46:56.175,-40,-10,116,79,5000,
2023-07-10 23:46:56.175,-40,-10,113,78,5000,
2023-07-10 23:46:56.190,-40,-11,114,78,5000,
2023-07-10 23:46:56.190,-40,-12,124,78,5000,
2023-07-10 23:46:56.244,-41,-13,117,78,5000,
2023-07-10 23:46:56.244,-41,-14,118,78,5000,
2023-07-10 23:46:56.244,-41,-15,118,78,5000,
2023-07-10 23:46:56.291,-41,-16,111,78,5000,
2023-07-10 23:46:56.291,-41,-17,116,78,5000,
2023-07-10 23:46:56.353,-40,-18,115,78,5000,
2023-07-10 23:46:56.353,-39,-19,114,78,5000,
2023-07-10 23:46:56.400,-39,-20,117,78,5000,
2023-07-10 23:46:56.400,-38,-21,110,78,5000,
2023-07-10 23:46:56.445,-37,-22,113,78,5000,
2023-07-10 23:46:56.445,-36,-23,114,78,5000,
2023-07-10 23:46:56.492,-33,-25,108,80,5000,
2023-07-10 23:46:56.492,-30,-26,113,80,5000,
2023-07-10 23:46:56.492,-28,-27,113,80,5000,
2023-07-10 23:46:56.545,-26,-27,112,80,5000,
2023-07-10 23:46:56.545,-24,-28,111,80,5000,
2023-07-10 23:46:56.592,-21,-29,114,80,5000,
2023-07-10 23:46:56.592,-16,-30,114,80,5000,
2023-07-10 23:46:56.645,-13,-30,114,80,5000,
2023-07-10 23:46:56.645,-9,-31,111,80,5000,
2023-07-10 23:46:56.708,-6,-31,116,80,5000,
2023-07-10 23:46:56.708,-3,-31,119,80,5000,
2023-07-10 23:46:56.708,2,-31,116,80,5000,
2023-07-10 23:46:56.745,5,-31,114,80,5000,
2023-07-10 23:46:56.745,10,-31,115,80,5000,
2023-07-10 23:46:56.792,13,-31,115,80,5000,
2023-07-10 23:46:56.792,19,-31,112,81,5000,
2023-07-10 23:46:56.855,24,-31,111,81,5000,
2023-07-10 23:46:56.855,30,-30,112,81,5000,
2023-07-10 23:46:56.904,33,-29,115,81,5000,
2023-07-10 23:46:56.904,39,-28,119,81,5000,
2023-07-10 23:46:56.904,42,-28,114,81,5000,
2023-07-10 23:46:56.951,49,-28,113,81,5000,
2023-07-10 23:46:56.951,53,-28,116,81,5000,
2023-07-10 23:46:56.998,59,-27,117,81,5000,
2023-07-10 23:46:56.998,66,-26,118,81,5000,
2023-07-10 23:46:57.052,72,-25,114,81,5000,
2023-07-10 23:46:57.052,79,-25,118,81,5000,
2023-07-10 23:46:57.052,85,-25,112,81,5000,
2023-07-10 23:46:57.099,90,-25,111,81,5000,
2023-07-10 23:46:57.099,97,-25,110,81,5000,
2023-07-10 23:46:57.153,102,-25,115,81,5000,
2023-07-10 23:46:57.153,108,-24,123,81,5000,
2023-07-10 23:46:57.200,113,-24,122,81,5000,
2023-07-10 23:46:57.200,122,-23,119,81,5000,
2023-07-10 23:46:57.249,129,-23,116,81,5000,
2023-07-10 23:46:57.249,136,-23,121,81,5000,
2023-07-10 23:46:57.311,140,-23,123,81,5000,
2023-07-10 23:46:57.311,146,-23,117,81,5000,
2023-07-10 23:46:57.311,153,-23,114,81,5000,
2023-07-10 23:46:57.354,157,-23,121,81,5000,
2023-07-10 23:46:57.354,163,-23,114,81,5000,
2023-07-10 23:46:57.402,166,-23,113,81,5000,
2023-07-10 23:46:57.402,172,-24,116,81,5000,
2023-07-10 23:46:57.463,178,-24,115,81,5000,
2023-07-10 23:46:57.463,182,-25,121,81,5000,
2023-07-10 23:46:57.463,186,-26,122,79,5000,
2023-07-10 23:46:57.515,189,-27,117,79,5000,
2023-07-10 23:46:57.515,193,-28,118,79,5000,
2023-07-10 23:46:57.554,200,-29,119,79,5000,
2023-07-10 23:46:57.554,203,-30,116,79,5000,
2023-07-10 23:46:57.616,206,-32,117,79,5000,
2023-07-10 23:46:57.616,211,-33,115,79,5000,
2023-07-10 23:46:57.662,214,-33,120,79,5000,
2023-07-10 23:46:57.662,219,-35,117,79,5000,
2023-07-10 23:46:57.709,222,-36,111,79,5000,
2023-07-10 23:46:57.709,225,-38,113,79,5000,
2023-07-10 23:46:57.754,229,-40,114,79,5000,
2023-07-10 23:46:57.754,232,-41,118,79,5000,
2023-07-10 23:46:57.754,237,-42,110,79,5000,
2023-07-10 23:46:57.817,242,-44,115,80,5000,
2023-07-10 23:46:57.817,245,-45,117,80,5000,
2023-07-10 23:46:57.864,249,-46,111,80,5000,
2023-07-10 23:46:57.864,253,-47,116,80,5000,
2023-07-10 23:46:57.920,257,-49,119,80,5000,
2023-07-10 23:46:57.920,261,-50,115,80,5000,
2023-07-10 23:46:57.972,266,-50,120,80,5000,
2023-07-10 23:46:57.972,269,-51,115,80,5000,
2023-07-10 23:46:58.024,273,-52,113,80,5000,
2023-07-10 23:46:58.024,276,-52,113,80,5000,
2023-07-10 23:46:58.024,281,-52,113,80,5000,
2023-07-10 23:46:58.071,285,-52,111,80,5000,
2023-07-10 23:46:58.071,288,-52,111,80,5000,
2023-07-10 23:46:58.118,293,-52,113,80,5000,
2023-07-10 23:46:58.118,299,-52,117,81,5000,
2023-07-10 23:46:58.161,302,-52,113,81,300,
2023-07-10 23:46:58.161,307,-51,118,81,300,
2023-07-10 23:46:58.224,312,-51,114,81,300,
2023-07-10 23:46:58.224,315,-51,113,81,300,
2023-07-10 23:46:58.287,320,-50,115,81,300,
2023-07-10 23:46:58.287,324,-50,117,81,300,
2023-07-10 23:46:58.287,330,-49,115,81,300,
2023-07-10 23:46:58.325,337,-48,115,81,300,
2023-07-10 23:46:58.373,349,-45,117,81,300,
2023-07-10 23:46:58.373,356,-45,111,81,300,
2023-07-10 23:46:58.425,362,-44,114,81,300,
2023-07-10 23:46:58.425,367,-43,117,81,300,
2023-07-10 23:46:58.472,374,-43,118,81,300,
2023-07-10 23:46:58.472,378,-42,119,81,300,
2023-07-10 23:46:58.525,385,-41,115,81,300,
2023-07-10 23:46:58.525,393,-40,114,81,300,
2023-07-10 23:46:58.525,398,-40,124,81,300,
2023-07-10 23:46:58.577,404,-39,120,81,300,
2023-07-10 23:46:58.577,411,-39,117,81,300,
2023-07-10 23:46:58.625,415,-38,115,81,300,
2023-07-10 23:46:58.625,421,-37,119,81,300,
2023-07-10 23:46:58.680,425,-37,117,81,300,
2023-07-10 23:46:58.680,431,-36,116,81,300,
2023-07-10 23:46:58.725,435,-36,114,81,300,
2023-07-10 23:46:58.725,440,-36,113,81,300,
2023-07-10 23:46:58.725,448,-36,118,81,300,
2023-07-10 23:46:58.772,452,-36,119,81,300,
2023-07-10 23:46:58.772,457,-35,116,80,300,
2023-07-10 23:46:58.834,463,-35,122,80,300,
2023-07-10 23:46:58.834,466,-35,114,80,5000,
2023-07-10 23:46:58.874,471,-35,115,80,5000,
2023-07-10 23:46:58.874,474,-36,118,80,5000,
2023-07-10 23:46:58.926,481,-37,113,80,5000,
2023-07-10 23:46:58.926,486,-38,116,80,5000,
2023-07-10 23:46:58.926,490,-38,110,80,5000,
2023-07-10 23:46:58.973,495,-39,116,80,5000,
2023-07-10 23:46:58.973,500,-40,116,80,5000,
2023-07-10 23:46:59.034,505,-42,120,80,5000,
2023-07-10 23:46:59.034,510,-43,119,80,5000,
2023-07-10 23:46:59.083,516,-45,115,80,5000,
2023-07-10 23:46:59.083,520,-47,115,80,5000,
2023-07-10 23:46:59.126,525,-48,113,80,5000,
2023-07-10 23:46:59.126,529,-49,121,80,5000,
2023-07-10 23:46:59.200,537,-51,115,80,5000,
2023-07-10 23:46:59.200,542,-52,120,80,5000,
2023-07-10 23:46:59.200,546,-53,122,80,5000,
2023-07-10 23:46:59.226,552,-55,110,80,5000,
2023-07-10 23:46:59.226,558,-57,117,80,5000,
2023-07-10 23:46:59.289,564,-58,114,80,5000,
2023-07-10 23:46:59.289,570,-59,116,80,5000,
2023-07-10 23:46:59.359,576,-60,116,80,5000,
2023-07-10 23:46:59.359,580,-61,117,80,5000,
2023-07-10 23:46:59.390,588,-61,113,80,5000,
2023-07-10 23:46:59.390,594,-61,120,80,5000,
2023-07-10 23:46:59.442,597,-62,117,80,5000,
2023-07-10 23:46:59.442,604,-62,115,80,5000,
2023-07-10 23:46:59.442,608,-62,115,82,5000,
2023-07-10 23:46:59.489,616,-62,113,82,5000,
2023-07-10 23:46:59.489,625,-61,121,82,5000,
2023-07-10 23:46:59.543,629,-61,113,82,5000,
2023-07-10 23:46:59.543,636,-61,118,82,5000,
2023-07-10 23:46:59.584,641,-61,118,82,5000,
2023-07-10 23:46:59.584,649,-60,117,82,5000,
2023-07-10 23:46:59.643,661,-60,117,82,5000,
2023-07-10 23:46:59.643,669,-60,112,82,5000,
2023-07-10 23:46:59.643,676,-59,116,82,5000,
2023-07-10 23:46:59.709,685,-58,112,82,5000,
2023-07-10 23:46:59.709,691,-58,111,82,5000,
2023-07-10 23:46:59.727,704,-57,109,82,5000,
2023-07-10 23:46:59.727,714,-56,104,82,5000,
2023-07-10 23:46:59.790,721,-56,108,82,5000,
2023-07-10 23:46:59.790,730,-55,99,81,5000,
2023-07-10 23:46:59.868,738,-55,99,81,5000,
2023-07-10 23:46:59.868,748,-54,100,81,5000,
2023-07-10 23:46:59.892,762,-53,97,81,5000,
2023-07-10 23:46:59.892,769,-51,99,81,5000,
2023-07-10 23:46:59.892,780,-51,93,81,5000,
2023-07-10 23:46:59.962,792,-49,98,81,5000,
2023-07-10 23:46:59.962,799,-48,104,81,5000,
2023-07-10 23:46:59.994,810,-47,105,81,5000,
2023-07-10 23:46:59.994,818,-46,95,81,5000,
2023-07-10 23:47:00.044,833,-44,87,81,5000,
2023-07-10 23:47:00.044,843,-42,89,81,5000,
2023-07-10 23:47:00.101,851,-42,87,81,5000,
2023-07-10 23:47:00.101,862,-41,85,81,5000,
2023-07-10 23:47:00.101,873,-40,87,81,5000,
2023-07-10 23:47:00.144,880,-39,84,74,5000,
2023-07-10 23:47:00.144,889,-36,69,74,5000,
2023-07-10 23:47:00.226,896,-36,72,74,5000,
2023-07-10 23:47:00.226,906,-36,74,74,5000,
2023-07-10 23:47:00.245,916,-36,83,74,5000,
2023-07-10 23:47:00.245,929,-36,83,74,5000,
2023-07-10 23:47:00.245,935,-35,93,74,5000,
2023-07-10 23:47:00.292,944,-35,93,74,5000,
2023-07-10 23:47:00.292,948,-34,92,74,5000,
2023-07-10 23:47:00.369,956,-31,87,74,5000,
2023-07-10 23:47:00.369,963,-31,94,74,5000,
2023-07-10 23:47:00.401,969,-32,87,74,5000,
2023-07-10 23:47:00.401,977,-34,91,74,5000,
2023-07-10 23:47:00.445,980,-33,92,74,5000,
2023-07-10 23:47:00.445,989,-33,89,74,5000,
2023-07-10 23:47:00.445,994,-34,95,62,5000,
2023-07-10 23:47:00.507,999,-34,97,62,5000,
2023-07-10 23:47:00.507,1008,-38,95,62,5000,
2023-07-10 23:47:00.545,1011,-39,92,62,5000,
2023-07-10 23:47:00.545,1017,-43,94,62,5000,
2023-07-10 23:47:00.650,1023,-45,95,62,5000,
2023-07-10 23:47:00.650,1027,-47,97,62,5000,
2023-07-10 23:47:00.650,1030,-47,97,62,5000,
2023-07-10 23:47:00.650,1034,-47,95,62,5000,
2023-07-10 23:47:00.650,1036,-46,103,62,5000,
2023-07-10 23:47:00.697,1039,-48,102,62,5000,
2023-07-10 23:47:00.697,1040,-48,98,62,5000,
2023-07-10 23:47:00.748,1041,-47,102,62,5000,
2023-07-10 23:47:00.748,1048,-52,98,62,5000,
2023-07-10 23:47:00.795,1053,-53,97,63,5000,
2023-07-10 23:47:00.795,1054,-53,99,63,5000,
2023-07-10 23:47:00.857,1056,-51,96,63,5000,
2023-07-10 23:47:00.857,1056,-50,94,63,5000,
2023-07-10 23:47:00.905,1057,-49,97,63,5000,
2023-07-10 23:47:00.905,1062,-49,87,63,5000,
2023-07-10 23:47:00.905,1069,-49,96,63,5000,
2023-07-10 23:47:00.949,1070,-49,95,63,5000,
2023-07-10 23:47:00.949,1072,-48,97,63,5000,
2023-07-10 23:47:01.012,1074,-46,90,63,5000,
2023-07-10 23:47:01.012,1080,-45,95,63,5000,
2023-07-10 23:47:01.065,1085,-43,83,63,5000,
2023-07-10 23:47:01.065,1086,-42,85,63,5000,
2023-07-10 23:47:01.111,1090,-40,84,63,300,
2023-07-10 23:47:01.111,1094,-37,85,63,300,
2023-07-10 23:47:01.168,1098,-36,80,70,300,
2023-07-10 23:47:01.168,1101,-35,83,70,300,
2023-07-10 23:47:01.168,1104,-34,77,70,300,
2023-07-10 23:47:01.215,1110,-33,80,70,300,
2023-07-10 23:47:01.215,1115,-31,73,70,300,
2023-07-10 23:47:01.250,1118,-29,75,70,300,
2023-07-10 23:47:01.250,1123,-27,72,70,300,
2023-07-10 23:47:01.342,1127,-25,75,70,300,
2023-07-10 23:47:01.342,1129,-25,71,70,300,
2023-07-10 23:47:01.342,1135,-22,77,70,300,
2023-07-10 23:47:01.358,1140,-19,72,70,300,
2023-07-10 23:47:01.358,1144,-17,67,70,300,
2023-07-10 23:47:01.406,1147,-16,70,70,300,
2023-07-10 23:47:01.406,1154,-13,77,70,300,
2023-07-10 23:47:01.466,1158,-11,75,70,300,
2023-07-10 23:47:01.466,1163,-9,70,72,300,
2023-07-10 23:47:01.512,1169,-6,90,72,300,
2023-07-10 23:47:01.512,1176,-4,85,72,300,
2023-07-10 23:47:01.512,1181,-2,88,72,300,
2023-07-10 23:47:01.566,1190,-2,79,72,300,
2023-07-10 23:47:01.566,1197,-1,87,72,300,
2023-07-10 23:47:01.566,1203,2,84,72,300,
2023-07-10 23:47:01.613,1211,5,81,72,300,
2023-07-10 23:47:01.613,1216,5,85,72,300,
2023-07-10 23:47:01.657,1219,6,83,72,300,
2023-07-10 23:47:01.657,1226,9,80,72,300,
2023-07-10 23:47:01.657,1234,10,77,72,300,
2023-07-10 23:47:01.717,1240,10,70,72,300,
2023-07-10 23:47:01.717,1249,10,77,72,300,
2023-07-10 23:47:01.787,1253,9,75,72,300,
2023-07-10 23:47:01.787,1263,11,72,72,300,
2023-07-10 23:47:01.787,1269,15,71,70,300,
2023-07-10 23:47:01.819,1276,16,70,70,300,
2023-07-10 23:47:01.819,1284,16,74,70,300,
2023-07-10 23:47:01.869,1291,16,76,70,300,
2023-07-10 23:47:01.869,1300,18,75,70,300,
2023-07-10 23:47:01.916,1307,17,81,70,300,
2023-07-10 23:47:01.916,1316,15,77,70,300,
2023-07-10 23:47:01.916,1326,11,77,70,300,
2023-07-10 23:47:01.967,1331,10,78,70,300,
2023-07-10 23:47:01.967,1341,6,78,70,300,
2023-07-10 23:47:02.014,1345,6,71,70,300,
2023-07-10 23:47:02.014,1355,4,76,70,300,
2023-07-10 23:47:02.014,1365,1,77,70,300,
2023-07-10 23:47:02.081,1372,1,84,70,300,
2023-07-10 23:47:02.081,1380,-2,95,70,300,
2023-07-10 23:47:02.127,1387,-3,96,70,300,
2023-07-10 23:47:02.127,1396,-3,93,84,300,
2023-07-10 23:47:02.127,1403,1,106,84,300,
2023-07-10 23:47:02.167,1411,2,110,84,300,
2023-07-10 23:47:02.167,1418,1,109,84,300,
2023-07-10 23:47:02.218,1429,-3,121,84,300,
2023-07-10 23:47:02.218,1438,-5,118,84,300,
2023-07-10 23:47:02.275,1445,-6,116,84,300,
2023-07-10 23:47:02.275,1454,-5,117,84,300,
2023-07-10 23:47:02.275,1461,-5,112,84,300,
2023-07-10 23:47:02.323,1472,-5,111,84,300,
2023-07-10 23:47:02.323,1479,-5,118,84,300,
2023-07-10 23:47:02.372,1490,-6,110,84,300,
2023-07-10 23:47:02.372,1502,-5,118,84,300,
2023-07-10 23:47:02.434,1509,-5,116,84,300,
2023-07-10 23:47:02.434,1521,-2,114,84,300,
2023-07-10 23:47:02.503,1526,0,117,83,300,
2023-07-10 23:47:02.503,1536,0,115,83,300,
2023-07-10 23:47:02.503,1545,2,122,83,300,
2023-07-10 23:47:02.534,1551,4,122,83,300,
2023-07-10 23:47:02.534,1560,6,126,83,300,
2023-07-10 23:47:02.534,1565,7,119,83,300,
2023-07-10 23:47:02.572,1573,9,122,83,300,
2023-07-10 23:47:02.572,1578,9,121,83,300,
2023-07-10 23:47:02.618,1585,12,122,83,300,
2023-07-10 23:47:02.618,1593,14,127,83,300,
2023-07-10 23:47:02.685,1598,17,125,83,300,
2023-07-10 23:47:02.685,1606,19,123,83,300,
2023-07-10 23:47:02.685,1611,21,121,83,300,
2023-07-10 23:47:02.731,1618,24,124,83,300,
2023-07-10 23:47:02.731,1623,25,123,83,300,
2023-07-10 23:47:02.783,1630,27,128,83,300,
2023-07-10 23:47:02.783,1639,31,123,80,300,
2023-07-10 23:47:02.830,1647,33,117,80,300,
2023-07-10 23:47:02.830,1652,34,122,80,300,
2023-07-10 23:47:02.830,1660,35,118,80,300,
2023-07-10 23:47:02.885,1666,36,118,80,300,
2023-07-10 23:47:02.885,1674,37,118,80,300,
2023-07-10 23:47:02.932,1679,38,120,80,300,
2023-07-10 23:47:02.932,1687,39,122,80,300,
2023-07-10 23:47:02.975,1695,41,112,80,300,
2023-07-10 23:47:02.975,1700,41,112,80,300,
2023-07-10 23:47:03.054,1711,42,113,80,300,
2023-07-10 23:47:03.054,1720,42,119,80,300,
2023-07-10 23:47:03.054,1725,43,112,80,5000,
2023-07-10 23:47:03.086,1732,44,114,80,5000,
2023-07-10 23:47:03.086,1736,45,108,80,5000,
2023-07-10 23:47:03.141,1743,47,108,80,5000,
2023-07-10 23:47:03.141,1753,48,108,80,5000,
2023-07-10 23:47:03.186,1759,48,109,80,5000,
2023-07-10 23:47:03.233,1783,49,103,80,5000,
2023-07-10 23:47:03.233,1791,50,97,80,5000,
2023-07-10 23:47:03.287,1801,51,104,80,5000,
2023-07-10 23:47:03.287,1807,51,100,80,5000,
2023-07-10 23:47:03.338,1817,51,103,80,5000,
2023-07-10 23:47:03.338,1824,51,101,80,5000,
2023-07-10 23:47:03.408,1834,51,101,80,5000,
2023-07-10 23:47:03.408,1848,51,103,80,5000,
2023-07-10 23:47:03.439,1855,50,99,80,5000,
2023-07-10 23:47:03.439,1866,50,94,79,5000,
2023-07-10 23:47:03.439,1873,49,100,79,5000,
2023-07-10 23:47:03.495,1884,49,90,79,5000,
2023-07-10 23:47:03.495,1895,48,95,79,5000,
2023-07-10 23:47:03.555,1903,48,89,79,5000,
2023-07-10 23:47:03.555,1914,48,90,79,5000,
2023-07-10 23:47:03.586,1929,48,83,79,5000,
2023-07-10 23:47:03.586,1936,48,87,79,5000,
2023-07-10 23:47:03.633,1949,47,81,79,5000,
2023-07-10 23:47:03.633,1964,47,86,79,5000,
2023-07-10 23:47:03.633,1973,47,93,79,5000,
2023-07-10 23:47:03.702,1986,46,94,79,5000,
2023-07-10 23:47:03.702,1998,45,105,79,5000,
2023-07-10 23:47:03.756,2006,44,105,79,5000,
2023-07-10 23:47:03.756,2026,45,114,79,5000,
2023-07-10 23:47:03.804,2041,46,108,80,5000,
2023-07-10 23:47:03.804,2050,46,111,80,5000,
2023-07-10 23:47:03.843,2062,46,106,80,5000,
2023-07-10 23:47:03.843,2070,46,107,80,5000,
2023-07-10 23:47:03.843,2084,48,107,80,5000,
2023-07-10 23:47:03.891,2094,48,105,80,5000,
2023-07-10 23:47:03.891,2100,49,103,80,5000,
2023-07-10 23:47:03.953,2110,51,98,80,300,
2023-07-10 23:47:03.953,2119,52,100,80,300,
2023-07-10 23:47:03.990,2125,54,96,80,300,
2023-07-10 23:47:03.990,2129,54,98,80,300,
2023-07-10 23:47:04.040,2135,54,92,80,300,
2023-07-10 23:47:04.040,2142,56,96,80,300,
2023-07-10 23:47:04.040,2143,56,100,80,300,
2023-07-10 23:47:04.091,2149,57,89,80,300,
2023-07-10 23:47:04.091,2157,60,86,84,300,
2023-07-10 23:47:04.175,2158,60,81,84,300,
2023-07-10 23:47:04.175,2161,60,83,84,300,
2023-07-10 23:47:04.175,2167,63,82,84,300,
2023-07-10 23:47:04.191,2172,64,87,84,300,
2023-07-10 23:47:04.191,2173,64,81,84,300,
2023-07-10 23:47:04.276,2173,65,85,84,300,
2023-07-10 23:47:04.276,2174,65,82,84,300,
2023-07-10 23:47:04.276,2174,65,83,84,300,
2023-07-10 23:47:04.307,2174,63,84,84,300,
2023-07-10 23:47:04.307,2174,63,85,84,300,
2023-07-10 23:47:04.358,2174,64,86,84,300,
2023-07-10 23:47:04.358,2174,65,83,84,300,
2023-07-10 23:47:04.358,2174,67,85,84,300,
2023-07-10 23:47:04.406,2170,67,81,84,300,
2023-07-10 23:47:04.406,2167,65,87,84,300,
2023-07-10 23:47:04.483,2168,67,93,80,300,
2023-07-10 23:47:04.483,2164,67,91,80,300,
2023-07-10 23:47:04.498,2158,67,92,80,300,
2023-07-10 23:47:04.498,2150,66,93,80,300,
2023-07-10 23:47:04.498,2146,66,96,80,300,
2023-07-10 23:47:04.583,2137,65,88,80,300,
2023-07-10 23:47:04.583,2134,65,96,80,300,
2023-07-10 23:47:04.614,2124,63,100,80,300,
2023-07-10 23:47:04.614,2116,63,98,80,300,
2023-07-10 23:47:04.614,2107,61,101,80,300,
2023-07-10 23:47:04.661,2101,61,104,80,300,
2023-07-10 23:47:04.661,2091,61,105,80,300,
2023-07-10 23:47:04.699,2085,61,107,80,300,
2023-07-10 23:47:04.699,2075,60,112,80,300,
2023-07-10 23:47:04.784,2069,60,107,80,300,
2023-07-10 23:47:04.784,2061,60,112,80,300,
2023-07-10 23:47:04.831,2052,59,109,80,300,
2023-07-10 23:47:04.831,2047,59,112,80,300,
2023-07-10 23:47:04.831,2038,58,108,80,300,
2023-07-10 23:47:04.876,2028,57,99,80,300,
2023-07-10 23:47:04.876,2022,56,100,80,300,
2023-07-10 23:47:04.917,2015,55,97,80,300,
2023-07-10 23:47:04.917,2011,55,93,80,300,
2023-07-10 23:47:04.968,2002,53,88,80,300,
2023-07-10 23:47:04.968,1999,53,89,80,300,
2023-07-10 23:47:04.968,1997,53,84,80,300,
2023-07-10 23:47:05.024,1988,52,88,80,300,
2023-07-10 23:47:05.024,1986,52,89,80,300,
2023-07-10 23:47:05.069,1985,53,85,80,300,
2023-07-10 23:47:05.069,1984,53,88,80,300,
2023-07-10 23:47:05.069,1980,53,80,80,300,
2023-07-10 23:47:05.131,1976,53,86,82,300,
2023-07-10 23:47:05.131,1976,53,83,82,300,
2023-07-10 23:47:05.169,1976,55,82,82,300,
2023-07-10 23:47:05.169,1976,56,86,82,300,
2023-07-10 23:47:05.216,1976,56,85,82,300,
2023-07-10 23:47:05.216,1976,57,80,82,300,
2023-07-10 23:47:05.216,1976,57,89,82,300,
2023-07-10 23:47:05.269,1978,57,86,82,300,
2023-07-10 23:47:05.269,1979,57,88,82,300,
2023-07-10 23:47:05.269,1981,57,90,82,300,
2023-07-10 23:47:05.316,1986,59,89,82,300,
2023-07-10 23:47:05.316,1994,62,96,82,300,
2023-07-10 23:47:05.371,1997,63,100,82,300,
2023-07-10 23:47:05.371,2001,65,100,82,300,
2023-07-10 23:47:05.449,2009,66,97,82,300,
2023-07-10 23:47:05.449,2012,66,107,82,300,
2023-07-10 23:47:05.449,2019,66,102,81,300,
2023-07-10 23:47:05.471,2027,67,111,81,300,
2023-07-10 23:47:05.471,2034,69,109,81,300,
2023-07-10 23:47:05.518,2043,70,107,81,300,
2023-07-10 23:47:05.518,2049,71,106,81,300,
2023-07-10 23:47:05.571,2058,73,103,81,300,
2023-07-10 23:47:05.571,2072,74,102,81,300,
2023-07-10 23:47:05.618,2076,73,107,81,300,
2023-07-10 23:47:05.618,2085,71,104,81,300,
2023-07-10 23:47:05.618,2089,71,100,81,300,
2023-07-10 23:47:05.672,2100,72,104,81,300,
2023-07-10 23:47:05.672,2109,74,98,81,300,
2023-07-10 23:47:05.719,2115,75,98,81,300,
2023-07-10 23:47:05.719,2123,75,101,81,300,
2023-07-10 23:47:05.772,2130,76,96,81,300,
2023-07-10 23:47:05.772,2137,76,90,78,300,
2023-07-10 23:47:05.772,2145,76,92,78,300,
2023-07-10 23:47:05.827,2148,76,94,78,300,
2023-07-10 23:47:05.827,2151,76,94,78,300,
2023-07-10 23:47:05.872,2153,74,87,78,300,
2023-07-10 23:47:05.872,2156,72,93,78,300,
2023-07-10 23:47:05.872,2161,71,85,78,300,
2023-07-10 23:47:05.928,2164,70,87,78,300,
2023-07-10 23:47:05.928,2165,68,87,78,300,
2023-07-10 23:47:05.972,2165,67,83,78,300,
2023-07-10 23:47:05.972,2165,67,89,78,300,
2023-07-10 23:47:06.019,2166,66,87,78,300,
2023-07-10 23:47:06.019,2166,63,82,78,300,
2023-07-10 23:47:06.019,2166,61,92,78,300,
2023-07-10 23:47:06.072,2165,59,90,78,300,
2023-07-10 23:47:06.072,2164,58,93,78,300,
2023-07-10 23:47:06.072,2164,57,90,81,300,
2023-07-10 23:47:06.134,2163,56,90,81,300,
2023-07-10 23:47:06.134,2161,56,89,81,300,
2023-07-10 23:47:06.188,2160,56,91,81,300,
2023-07-10 23:47:06.188,2160,57,91,81,300,
2023-07-10 23:47:06.235,2157,57,94,81,300,
2023-07-10 23:47:06.235,2147,53,95,81,300,
2023-07-10 23:47:06.235,2145,53,92,81,300,
2023-07-10 23:47:06.273,2143,53,101,81,300,
2023-07-10 23:47:06.273,2137,53,99,81,300,
2023-07-10 23:47:06.337,2131,51,95,81,300,
2023-07-10 23:47:06.337,2127,51,101,81,300,
2023-07-10 23:47:06.337,2122,50,103,81,300,
2023-07-10 23:47:06.373,2115,49,106,81,300,
2023-07-10 23:47:06.373,2112,49,100,81,300,
2023-07-10 23:47:06.460,2100,45,102,89,300,
2023-07-10 23:47:06.460,2096,46,110,89,300,
2023-07-10 23:47:06.489,2087,46,113,89,300,
2023-07-10 23:47:06.489,2083,46,112,89,300,
2023-07-10 23:47:06.536,2077,48,113,89,300,
2023-07-10 23:47:06.536,2072,49,115,89,300,
2023-07-10 23:47:06.536,2067,50,112,89,300,
2023-07-10 23:47:06.589,2061,51,108,89,300,
2023-07-10 23:47:06.589,2053,52,106,89,300,
2023-07-10 23:47:06.636,2050,54,107,89,300,
2023-07-10 23:47:06.636,2043,56,106,89,300,
2023-07-10 23:47:06.690,2038,58,99,89,300,
2023-07-10 23:47:06.690,2036,60,103,89,300,
2023-07-10 23:47:06.690,2033,61,100,89,300,
2023-07-10 23:47:06.737,2028,61,95,89,300,
2023-07-10 23:47:06.737,2026,62,96,85,300,
2023-07-10 23:47:06.790,2026,66,93,85,300,
2023-07-10 23:47:06.790,2026,67,97,85,300,
2023-07-10 23:47:06.847,2026,67,99,85,300,
2023-07-10 23:47:06.847,2025,67,96,85,300,
2023-07-10 23:47:06.847,2024,67,104,85,300,
2023-07-10 23:47:06.890,2028,71,101,85,300,
2023-07-10 23:47:06.890,2033,76,104,85,300,
2023-07-10 23:47:06.945,2036,77,107,85,300,
2023-07-10 23:47:06.945,2038,77,105,85,300,
2023-07-10 23:47:06.945,2038,77,102,85,300,
2023-07-10 23:47:07.001,2047,79,107,85,300,
2023-07-10 23:47:07.001,2054,81,101,85,300,
2023-07-10 23:47:07.041,2057,81,105,85,300,
2023-07-10 23:47:07.041,2067,83,101,85,300,
2023-07-10 23:47:07.094,2071,83,96,85,300,
2023-07-10 23:47:07.094,2080,83,101,81,300,
2023-07-10 23:47:07.094,2086,83,104,81,300,
2023-07-10 23:47:07.157,2092,83,97,81,300,
2023-07-10 23:47:07.157,2102,84,100,81,300,
2023-07-10 23:47:07.195,2109,87,98,81,300,
2023-07-10 23:47:07.195,2121,89,97,81,300,
2023-07-10 23:47:07.242,2128,90,98,81,300,
2023-07-10 23:47:07.242,2137,89,101,81,300,
2023-07-10 23:47:07.242,2146,89,91,81,300,
2023-07-10 23:47:07.295,2153,87,88,81,300,
2023-07-10 23:47:07.295,2162,84,86,81,300,
2023-07-10 23:47:07.352,2169,82,84,81,300,
2023-07-10 23:47:07.352,2178,79,86,81,300,
2023-07-10 23:47:07.428,2188,76,84,81,300,
2023-07-10 23:47:07.428,2193,74,85,81,300,
2023-07-10 23:47:07.428,2204,71,81,79,300,
2023-07-10 23:47:07.451,2211,68,76,79,300,
2023-07-10 23:47:07.451,2222,65,69,79,300,
2023-07-10 23:47:07.497,2225,63,80,79,300,
2023-07-10 23:47:07.497,2235,59,70,79,300,
2023-07-10 23:47:07.497,2239,55,68,79,300,
2023-07-10 23:47:07.550,2242,53,65,79,300,
2023-07-10 23:47:07.550,2252,50,78,79,300,
2023-07-10 23:47:07.612,2254,48,66,79,300,
2023-07-10 23:47:07.612,2255,46,68,79,300,
2023-07-10 23:47:07.659,2254,47,75,79,300,
2023-07-10 23:47:07.659,2250,52,77,79,300,
2023-07-10 23:47:07.659,2249,54,71,79,300,
2023-07-10 23:47:07.697,2248,54,72,79,300,
2023-07-10 23:47:07.697,2247,54,74,79,300,
2023-07-10 23:47:07.759,2249,54,70,79,300,
2023-07-10 23:47:07.759,2266,49,67,82,300,
2023-07-10 23:47:07.759,2285,42,71,82,300,
2023-07-10 23:47:07.797,2287,42,75,82,300,
2023-07-10 23:47:07.797,2287,41,82,82,300,
2023-07-10 23:47:07.854,2287,41,78,82,300,
2023-07-10 23:47:07.854,2280,41,81,82,300,
2023-07-10 23:47:07.854,2279,41,79,82,300,
2023-07-10 23:47:07.902,2284,43,79,82,300,
2023-07-10 23:47:07.902,2281,43,78,82,300,
2023-07-10 23:47:07.955,2283,43,79,82,300,
2023-07-10 23:47:07.955,2285,46,79,82,300,
2023-07-10 23:47:07.955,2285,47,81,82,300,
2023-07-10 23:47:08.002,2286,50,81,82,300,
2023-07-10 23:47:08.002,2286,49,74,82,300,
2023-07-10 23:47:08.051,2287,49,82,82,300,
2023-07-10 23:47:08.051,2287,46,78,82,300,
2023-07-10 23:47:08.115,2288,48,81,81,300,
2023-07-10 23:47:08.115,2294,50,85,81,300,
2023-07-10 23:47:08.115,2299,50,83,81,300,
2023-07-10 23:47:08.160,2302,52,82,81,300,
2023-07-10 23:47:08.160,2303,55,81,81,300,
2023-07-10 23:47:08.218,2306,55,82,81,300,
2023-07-10 23:47:08.218,2313,58,79,81,300,
2023-07-10 23:47:08.218,2317,59,80,81,300,
2023-07-10 23:47:08.265,2319,60,84,81,300,
2023-07-10 23:47:08.265,2324,62,85,81,300,
2023-07-10 23:47:08.302,2331,64,96,81,300,
2023-07-10 23:47:08.302,2333,66,102,81,300,
2023-07-10 23:47:08.368,2334,66,103,81,300,
2023-07-10 23:47:08.368,2340,67,98,81,300,
2023-07-10 23:47:08.368,2347,70,109,81,300,
2023-07-10 23:47:08.408,2349,71,107,81,300,
2023-07-10 23:47:08.408,2352,72,112,79,300,
2023-07-10 23:47:08.462,2355,73,115,79,300,
2023-07-10 23:47:08.462,2358,77,118,79,300,
2023-07-10 23:47:08.508,2359,79,124,79,300,
2023-07-10 23:47:08.508,2362,80,127,79,300,
2023-07-10 23:47:08.508,2365,81,132,79,300,
2023-07-10 23:47:08.572,2368,81,126,79,300,
2023-07-10 23:47:08.572,2375,82,134,79,300,
2023-07-10 23:47:08.624,2379,84,128,79,300,
2023-07-10 23:47:08.624,2380,84,129,79,300,
2023-07-10 23:47:08.624,2383,85,129,79,300,
2023-07-10 23:47:08.671,2385,85,130,79,300,
2023-07-10 23:47:08.671,2391,85,129,79,300,
2023-07-10 23:47:08.725,2394,85,131,79,300,
2023-07-10 23:47:08.725,2394,85,130,79,300,
2023-07-10 23:47:08.772,2398,85,131,77,300,
2023-07-10 23:47:08.772,2402,83,128,77,300,
2023-07-10 23:47:08.825,2408,80,129,77,300,
2023-07-10 23:47:08.825,2413,77,129,77,300,
2023-07-10 23:47:08.825,2417,76,124,77,300,
2023-07-10 23:47:08.868,2422,75,120,77,300,
2023-07-10 23:47:08.868,2424,73,124,77,300,
2023-07-10 23:47:08.925,2429,71,126,77,300,
2023-07-10 23:47:08.925,2436,68,123,77,300,
2023-07-10 23:47:08.978,2439,66,119,77,300,
2023-07-10 23:47:08.978,2446,62,119,77,300,
2023-07-10 23:47:08.978,2451,59,124,77,300,
2023-07-10 23:47:09.018,2457,55,122,77,300,
2023-07-10 23:47:09.018,2467,52,123,77,300,
2023-07-10 23:47:09.065,2472,50,114,77,300,
2023-07-10 23:47:09.065,2479,47,122,77,300,
2023-07-10 23:47:09.123,2486,44,124,77,300,
2023-07-10 23:47:09.123,2491,43,120,77,300,
2023-07-10 23:47:09.170,2499,40,123,77,300,
2023-07-10 23:47:09.170,2505,38,120,77,300,
2023-07-10 23:47:09.170,2512,35,125,77,300,
2023-07-10 23:47:09.226,2517,33,123,77,300,
2023-07-10 23:47:09.226,2526,30,119,77,300,
2023-07-10 23:47:09.273,2537,27,117,77,300,
2023-07-10 23:47:09.273,2545,26,117,77,300,
2023-07-10 23:47:09.327,2552,24,121,77,300,
2023-07-10 23:47:09.327,2561,22,120,77,300,
2023-07-10 23:47:09.327,2567,21,119,77,300,
2023-07-10 23:47:09.376,2577,20,113,77,300,
2023-07-10 23:47:09.376,2584,20,122,77,300,
2023-07-10 23:47:09.434,2594,19,117,81,300,
2023-07-10 23:47:09.434,2605,18,118,81,300,
2023-07-10 23:47:09.487,2613,18,118,81,300,
2023-07-10 23:47:09.487,2629,17,112,81,300,
2023-07-10 23:47:09.527,2639,17,103,81,300,
2023-07-10 23:47:09.527,2647,17,99,81,300,
2023-07-10 23:47:09.527,2657,18,98,81,300,
2023-07-10 23:47:09.574,2665,19,106,81,300,
2023-07-10 23:47:09.574,2676,20,120,81,300,
2023-07-10 23:47:09.635,2684,21,120,81,300,
2023-07-10 23:47:09.635,2694,24,119,81,300,
2023-07-10 23:47:09.635,2701,25,120,81,300,
2023-07-10 23:47:09.682,2712,27,120,81,300,
2023-07-10 23:47:09.682,2721,30,124,81,300,
2023-07-10 23:47:09.727,2728,33,118,81,300,
2023-07-10 23:47:09.727,2740,37,122,80,300,
2023-07-10 23:47:09.789,2750,41,119,80,300,
2023-07-10 23:47:09.789,2756,43,113,80,300,
2023-07-10 23:47:09.789,2765,46,117,80,300,
2023-07-10 23:47:09.836,2771,47,119,80,300,
2023-07-10 23:47:09.836,2779,51,108,80,300,
2023-07-10 23:47:09.884,2785,53,120,80,300,
2023-07-10 23:47:09.884,2793,55,114,80,300,
2023-07-10 23:47:09.928,2802,58,120,80,300,
2023-07-10 23:47:09.928,2807,60,116,80,300,
2023-07-10 23:47:09.993,2818,64,111,80,300,
2023-07-10 23:47:09.993,2826,66,114,80,300,
2023-07-10 23:47:09.993,2831,67,119,80,300,
2023-07-10 23:47:10.043,2839,68,119,80,300,
2023-07-10 23:47:10.043,2844,69,114,80,300,
2023-07-10 23:47:10.112,2851,70,118,77,300,
2023-07-10 23:47:10.112,2858,70,114,77,300,
2023-07-10 23:47:10.144,2862,70,121,77,300,
2023-07-10 23:47:10.144,2868,70,108,77,300,
2023-07-10 23:47:10.144,2877,70,114,77,300,
2023-07-10 23:47:10.197,2881,70,115,77,300,
2023-07-10 23:47:10.197,2887,69,114,77,300,
2023-07-10 23:47:10.244,2891,69,119,77,300,
2023-07-10 23:47:10.244,2897,67,115,77,300,
2023-07-10 23:47:10.290,2902,66,117,77,300,
2023-07-10 23:47:10.290,2907,64,117,77,300,
2023-07-10 23:47:10.345,2913,61,118,77,300,
2023-07-10 23:47:10.345,2916,60,112,77,300,
2023-07-10 23:47:10.345,2921,58,110,77,300,
2023-07-10 23:47:10.397,2927,55,117,77,300,
2023-07-10 23:47:10.397,2931,53,122,78,300,
2023-07-10 23:47:10.462,2936,51,120,78,300,
2023-07-10 23:47:10.462,2940,50,121,78,300,
2023-07-10 23:47:10.498,2944,47,114,78,300,
2023-07-10 23:47:10.498,2948,45,110,78,300,
2023-07-10 23:47:10.498,2953,43,118,78,300,
2023-07-10 23:47:10.550,2959,40,115,78,300,
2023-07-10 23:47:10.550,2963,39,110,78,300,
2023-07-10 23:47:10.598,2970,36,116,78,300,
2023-07-10 23:47:10.598,2974,34,117,78,300,
2023-07-10 23:47:10.598,2984,31,115,78,300,
2023-07-10 23:47:10.645,2991,28,115,78,300,
2023-07-10 23:47:10.645,2996,26,116,78,300,
2023-07-10 23:47:10.723,3005,23,116,78,300,
2023-07-10 23:47:10.723,3014,20,117,78,300,
2023-07-10 23:47:10.754,3019,18,110,82,300,
2023-07-10 23:47:10.754,3028,17,111,82,300,
2023-07-10 23:47:10.801,3035,16,117,82,300,
2023-07-10 23:47:10.801,3044,14,115,82,300,
2023-07-10 23:47:10.801,3051,13,115,82,300,
2023-07-10 23:47:10.858,3065,11,117,82,300,
2023-07-10 23:47:10.858,3076,10,119,82,300,
2023-07-10 23:47:10.901,3087,9,115,82,300,
2023-07-10 23:47:10.901,3094,9,118,82,300,
2023-07-10 23:47:10.979,3106,9,121,82,300,
2023-07-10 23:47:10.979,3114,9,116,82,300,
2023-07-10 23:47:10.979,3126,9,116,82,300,
2023-07-10 23:47:11.017,3134,9,115,82,300,
2023-07-10 23:47:11.017,3147,10,119,82,300,
2023-07-10 23:47:11.061,3160,11,125,82,300,
2023-07-10 23:47:11.061,3168,12,115,82,300,
2023-07-10 23:47:11.101,3180,13,115,83,300,
2023-07-10 23:47:11.101,3189,14,110,83,300,
2023-07-10 23:47:11.101,3201,15,115,83,300,
2023-07-10 23:47:11.148,3210,16,117,83,300,
2023-07-10 23:47:11.148,3227,18,111,83,300,
2023-07-10 23:47:11.201,3240,20,113,83,300,
2023-07-10 23:47:11.201,3249,22,110,83,300,
2023-07-10 23:47:11.251,3262,24,118,83,300,
2023-07-10 23:47:11.251,3274,26,114,83,300,
2023-07-10 23:47:11.251,3283,27,116,83,300,
2023-07-10 23:47:11.302,3296,30,116,83,300,
2023-07-10 23:47:11.302,3306,31,115,83,300,
2023-07-10 23:47:11.375,3318,33,118,83,300,
2023-07-10 23:47:11.375,3331,36,119,83,300,
2023-07-10 23:47:11.402,3343,37,117,83,300,
2023-07-10 23:47:11.402,3356,39,117,80,5000,
2023-07-10 23:47:11.402,3367,41,114,80,5000,
2023-07-10 23:47:11.480,3375,42,111,80,5000,
2023-07-10 23:47:11.480,3387,42,115,80,5000,
2023-07-10 23:47:11.533,3395,43,111,80,5000,
2023-07-10 23:47:11.533,3410,45,113,80,5000,
2023-07-10 23:47:11.570,3421,46,113,80,5000,
2023-07-10 23:47:11.570,3429,46,119,80,5000,
2023-07-10 23:47:11.618,3439,47,116,80,300,
2023-07-10 23:47:11.618,3447,47,118,80,300,
2023-07-10 23:47:11.618,3457,47,115,80,300,
2023-07-10 23:47:11.665,3470,46,118,80,300,
2023-07-10 23:47:11.665,3479,46,117,80,300,
2023-07-10 23:47:11.722,3484,46,111,80,300,
2023-07-10 23:47:11.722,3493,45,114,80,300,
2023-07-10 23:47:11.767,3498,45,115,80,300,
2023-07-10 23:47:11.767,3507,43,112,80,300,
2023-07-10 23:47:11.819,3512,42,110,80,300,
2023-07-10 23:47:11.819,3520,41,114,80,300,
2023-07-10 23:47:11.819,3527,39,113,80,300,
2023-07-10 23:47:11.867,3532,38,119,80,300,
2023-07-10 23:47:11.867,3543,36,117,80,300,
2023-07-10 23:47:11.918,3550,34,115,80,300,
2023-07-10 23:47:11.918,3555,32,118,80,300,
2023-07-10 23:47:11.960,3562,30,111,80,300,
2023-07-10 23:47:11.960,3567,28,119,80,300,
2023-07-10 23:47:11.960,3574,25,118,80,5000,
2023-07-10 23:47:12.019,3579,24,119,80,5000,
2023-07-10 23:47:12.019,3587,21,123,80,5000,
2023-07-10 23:47:12.071,3598,18,118,80,5000,
2023-07-10 23:47:12.071,3606,16,117,80,5000,
2023-07-10 23:47:12.119,3612,14,122,80,5000,
2023-07-10 23:47:12.119,3620,10,117,80,5000,
2023-07-10 23:47:12.166,3626,9,123,80,5000,
2023-07-10 23:47:12.166,3639,6,123,80,5000,
2023-07-10 23:47:12.225,3649,4,117,80,5000,
2023-07-10 23:47:12.225,3656,2,117,80,5000,
2023-07-10 23:47:12.225,3667,2,119,80,5000,
2023-07-10 23:47:12.263,3673,1,127,80,5000,
2023-07-10 23:47:12.263,3684,0,124,80,5000,
2023-07-10 23:47:12.345,3694,-1,125,80,5000,
2023-07-10 23:47:12.345,3701,-1,129,80,5000,
2023-07-10 23:47:12.377,3715,-2,137,80,5000,
2023-07-10 23:47:12.377,3726,-2,136,80,5000,
2023-07-10 23:47:12.377,3733,-2,129,83,5000,
2023-07-10 23:47:12.451,3744,-2,137,83,5000,
2023-07-10 23:47:12.451,3751,-2,132,83,5000,
2023-07-10 23:47:12.483,3766,0,134,83,5000,
2023-07-10 23:47:12.483,3777,1,137,83,5000,
2023-07-10 23:47:12.520,3785,1,133,83,5000,
2023-07-10 23:47:12.520,3797,3,129,83,5000,
2023-07-10 23:47:12.567,3808,4,134,83,5000,
2023-07-10 23:47:12.567,3815,5,134,83,5000,
2023-07-10 23:47:12.567,3827,7,134,83,5000,
2023-07-10 23:47:12.621,3835,7,129,83,5000,
2023-07-10 23:47:12.621,3847,10,136,83,5000,
2023-07-10 23:47:12.683,3864,10,133,83,5000,
2023-07-10 23:47:12.683,3873,11,128,83,5000,
2023-07-10 23:47:12.737,3885,11,135,83,5000,
2023-07-10 23:47:12.737,3894,11,135,73,5000,
2023-07-10 23:47:12.784,3907,12,127,73,5000,
2023-07-10 23:47:12.784,3924,13,124,73,5000,
2023-07-10 23:47:12.818,3933,13,125,73,5000,
2023-07-10 23:47:12.818,3946,13,122,73,5000,
2023-07-10 23:47:12.818,3958,15,124,73,5000,
2023-07-10 23:47:12.906,3966,15,121,73,5000,
2023-07-10 23:47:12.906,3981,15,127,73,5000,
2023-07-10 23:47:12.922,3993,16,123,73,5000,
2023-07-10 23:47:12.922,4001,17,121,73,5000,
2023-07-10 23:47:12.969,4013,18,118,73,5000,
2023-07-10 23:47:12.969,4020,18,114,73,5000,
2023-07-10 23:47:13.063,4032,18,118,73,5000,
2023-07-10 23:47:13.063,4046,18,120,73,5000,
2023-07-10 23:47:13.078,4054,18,114,81,5000,
2023-07-10 23:47:13.078,4064,18,114,81,5000,
2023-07-10 23:47:13.078,4075,18,113,81,5000,
2023-07-10 23:47:13.122,4081,18,113,81,5000,
2023-07-10 23:47:13.122,4094,18,111,81,5000,
2023-07-10 23:47:13.185,4103,17,110,81,5000,
2023-07-10 23:47:13.185,4109,17,110,81,5000,
2023-07-10 23:47:13.238,4119,15,116,81,5000,
2023-07-10 23:47:13.238,4131,14,115,81,5000,
2023-07-10 23:47:13.307,4137,12,116,81,300,
2023-07-10 23:47:13.307,4147,10,115,81,300,
2023-07-10 23:47:13.307,4154,9,119,81,300,
2023-07-10 23:47:13.340,4165,6,113,81,300,
2023-07-10 23:47:13.340,4174,3,116,81,300,
2023-07-10 23:47:13.388,4181,1,111,81,300,
2023-07-10 23:47:13.388,4190,-1,114,80,300,
2023-07-10 23:47:13.388,4195,-2,118,80,300,
2023-07-10 23:47:13.439,4205,-5,119,80,300,
2023-07-10 23:47:13.439,4211,-7,118,80,300,
2023-07-10 23:47:13.486,4220,-10,110,80,300,
2023-07-10 23:47:13.486,4230,-13,113,80,300,
2023-07-10 23:47:13.539,4241,-15,118,80,300,
2023-07-10 23:47:13.539,4250,-17,115,80,300,
2023-07-10 23:47:13.589,4260,-19,119,80,300,
2023-07-10 23:47:13.589,4267,-21,118,80,300,
2023-07-10 23:47:13.640,4277,-23,119,80,300,
2023-07-10 23:47:13.640,4288,-24,119,80,300,
2023-07-10 23:47:13.640,4294,-25,116,80,300,
2023-07-10 23:47:13.687,4303,-26,115,80,300,
2023-07-10 23:47:13.687,4309,-26,119,80,300,
2023-07-10 23:47:13.739,4318,-27,123,82,300,
2023-07-10 23:47:13.739,4331,-29,127,82,300,
2023-07-10 23:47:13.790,4338,-30,117,82,300,
2023-07-10 23:47:13.790,4347,-31,122,82,300,
2023-07-10 23:47:13.849,4357,-31,121,82,300,
2023-07-10 23:47:13.849,4364,-31,115,82,5000,
2023-07-10 23:47:13.892,4377,-31,112,82,5000,
2023-07-10 23:47:13.892,4386,-31,116,82,5000,
2023-07-10 23:47:13.940,4393,-31,113,82,5000,
2023-07-10 23:47:13.940,4408,-31,118,82,5000,
2023-07-10 23:47:14.002,4419,-31,115,82,5000,
2023-07-10 23:47:14.002,4427,-31,115,82,5000,
2023-07-10 23:47:14.002,4443,-31,108,82,5000,
2023-07-10 23:47:14.039,4456,-31,110,82,5000,
2023-07-10 23:47:14.039,4463,-30,114,82,5000,
2023-07-10 23:47:14.086,4475,-28,110,82,5000,
2023-07-10 23:47:14.086,4491,-27,115,82,5000,
2023-07-10 23:47:14.145,4500,-26,111,82,5000,
2023-07-10 23:47:14.145,4513,-25,115,82,5000,
2023-07-10 23:47:14.224,4530,-24,118,82,5000,
2023-07-10 23:47:14.224,4538,-23,109,82,5000,
2023-07-10 23:47:14.240,4550,-21,113,82,5000,
2023-07-10 23:47:14.240,4566,-19,118,82,5000,
2023-07-10 23:47:14.287,4574,-18,114,82,5000,
2023-07-10 23:47:14.287,4587,-18,113,82,5000,
2023-07-10 23:47:14.374,4595,-18,110,82,5000,
2023-07-10 23:47:14.374,4612,-17,113,82,5000,
2023-07-10 23:47:14.418,4624,-15,111,80,5000,
2023-07-10 23:47:14.418,4633,-15,116,80,5000,
2023-07-10 23:47:14.418,4649,-14,116,80,5000,
2023-07-10 23:47:14.481,4663,-13,115,80,5000,
2023-07-10 23:47:14.481,4677,-12,115,80,5000,
2023-07-10 23:47:14.497,4691,-12,110,80,5000,
2023-07-10 23:47:14.497,4703,-12,114,80,5000,
2023-07-10 23:47:14.577,4716,-12,110,80,5000,
2023-07-10 23:47:14.577,4724,-12,116,80,5000,
2023-07-10 23:47:14.592,4740,-12,111,80,5000,
2023-07-10 23:47:14.592,4752,-13,119,80,5000,
2023-07-10 23:47:14.656,4760,-14,116,80,5000,
2023-07-10 23:47:14.656,4778,-16,111,80,5000,
2023-07-10 23:47:14.731,4792,-17,110,80,5000,
2023-07-10 23:47:14.731,4802,-18,110,80,5000,
2023-07-10 23:47:14.762,4820,-21,119,80,5000,
2023-07-10 23:47:14.762,4833,-22,111,80,5000,
2023-07-10 23:47:14.815,4842,-24,116,80,5000,
2023-07-10 23:47:14.815,4854,-26,117,80,5000,
2023-07-10 23:47:14.865,4871,-29,108,80,5000,
2023-07-10 23:47:14.865,4879,-30,115,80,5000,
2023-07-10 23:47:14.916,4892,-32,109,80,5000,
2023-07-10 23:47:14.916,4907,-35,112,80,5000,
2023-07-10 23:47:14.952,4915,-37,116,80,5000,
2023-07-10 23:47:14.952,4926,-40,103,80,5000,
2023-07-10 23:47:14.952,4940,-43,109,80,5000,
2023-07-10 23:47:14.999,4946,-44,113,80,5000,
2023-07-10 23:47:14.999,4957,-46,112,80,5000,
2023-07-10 23:47:15.056,4964,-47,109,81,5000,
2023-07-10 23:47:15.056,4979,-49,107,81,5000,
2023-07-10 23:47:15.103,4989,-51,107,81,5000,
2023-07-10 23:47:15.103,4996,-54,108,81,5000,
2023-07-10 23:47:15.183,5009,-56,114,81,5000,
2023-07-10 23:47:15.183,5018,-58,113,81,5000,
2023-07-10 23:47:15.232,5024,-59,114,81,5000,
2023-07-10 23:47:15.232,5035,-62,108,81,5000,
2023-07-10 23:47:15.263,5044,-63,109,81,5000,
2023-07-10 23:47:15.263,5053,-65,109,81,5000,
2023-07-10 23:47:15.310,5059,-65,110,81,5000,
2023-07-10 23:47:15.310,5070,-66,110,81,5000,
2023-07-10 23:47:15.389,5078,-67,109,81,5000,
2023-07-10 23:47:15.389,5083,-68,112,81,5000,
2023-07-10 23:47:15.389,5093,-69,119,82,5000,
2023-07-10 23:47:15.437,5102,-69,114,82,5000,
2023-07-10 23:47:15.437,5107,-69,113,82,5000,
2023-07-10 23:47:15.484,5117,-69,108,82,5000,
2023-07-10 23:47:15.484,5124,-68,114,82,5000,
2023-07-10 23:47:15.532,5129,-67,108,82,5000,
2023-07-10 23:47:15.532,5135,-66,113,82,300,
2023-07-10 23:47:15.579,5143,-66,108,82,300,
2023-07-10 23:47:15.579,5147,-66,111,82,300,
2023-07-10 23:47:15.617,5154,-65,105,82,300,
2023-07-10 23:47:15.617,5158,-64,114,82,300,
2023-07-10 23:47:15.668,5163,-63,110,82,300,
2023-07-10 23:47:15.668,5171,-61,109,82,300,
2023-07-10 23:47:15.717,5175,-60,106,82,300,
2023-07-10 23:47:15.717,5181,-59,106,81,300,
2023-07-10 23:47:15.717,5187,-57,106,81,300,
2023-07-10 23:47:15.764,5191,-56,109,81,300,
2023-07-10 23:47:15.764,5199,-55,109,81,300,
2023-07-10 23:47:15.817,5205,-54,107,81,300,
2023-07-10 23:47:15.817,5209,-53,114,81,300,
2023-07-10 23:47:15.874,5216,-53,111,81,300,
2023-07-10 23:47:15.874,5220,-52,112,81,300,
2023-07-10 23:47:15.918,5229,-51,114,81,300,
2023-07-10 23:47:15.918,5236,-51,107,81,300,
2023-07-10 23:47:15.998,5241,-50,111,81,300,
2023-07-10 23:47:15.998,5249,-50,108,81,300,
2023-07-10 23:47:16.033,5256,-50,110,81,300,
2023-07-10 23:47:16.033,5264,-49,105,81,300,
2023-07-10 23:47:16.033,5272,-49,106,81,300,
2023-07-10 23:47:16.096,5281,-49,107,81,300,
2023-07-10 23:47:16.096,5287,-49,105,81,300,
2023-07-10 23:47:16.134,5296,-50,101,81,5000,
2023-07-10 23:47:16.134,5309,-50,102,81,5000,
2023-07-10 23:47:16.189,5316,-51,104,81,5000,
2023-07-10 23:47:16.189,5326,-52,102,81,5000,
2023-07-10 23:47:16.234,5340,-53,104,81,5000,
2023-07-10 23:47:16.234,5347,-54,106,81,5000,
2023-07-10 23:47:16.281,5358,-56,107,81,5000,
2023-07-10 23:47:16.281,5374,-57,107,81,5000,
2023-07-10 23:47:16.281,5381,-59,102,81,5000,
2023-07-10 23:47:16.319,5392,-60,109,81,5000,
2023-07-10 23:47:16.319,5401,-62,111,81,5000,
2023-07-10 23:47:16.375,5417,-64,108,81,5000,
2023-07-10 23:47:16.375,5429,-67,113,81,5000,
2023-07-10 23:47:16.419,5440,-68,110,81,5000,
2023-07-10 23:47:16.419,5452,-70,113,81,5000,
2023-07-10 23:47:16.482,5464,-72,116,81,5000,
2023-07-10 23:47:16.482,5477,-73,110,81,5000,
2023-07-10 23:47:16.527,5493,-76,111,81,5000,
2023-07-10 23:47:16.535,5502,-78,114,81,5000,
2023-07-10 23:47:16.582,5517,-81,109,81,5000,
2023-07-10 23:47:16.582,5527,-82,112,81,5000,
2023-07-10 23:47:16.635,5546,-85,113,81,5000,
2023-07-10 23:47:16.635,5559,-86,115,81,5000,
2023-07-10 23:47:16.682,5567,-87,108,81,5000,
2023-07-10 23:47:16.682,5584,-91,110,81,5000,
2023-07-10 23:47:16.735,5598,-93,108,80,5000,
2023-07-10 23:47:16.735,5610,-95,120,80,5000,
2023-07-10 23:47:16.813,5629,-96,111,80,5000,
2023-07-10 23:47:16.813,5641,-97,110,80,5000,
2023-07-10 23:47:16.836,5650,-98,115,80,5000,
2023-07-10 23:47:16.836,5663,-100,106,80,5000,
2023-07-10 23:47:16.892,5678,-102,117,80,5000,
2023-07-10 23:47:16.892,5685,-103,112,80,5000,
2023-07-10 23:47:16.935,5701,-104,121,80,5000,
2023-07-10 23:47:16.935,5712,-105,122,80,5000,
2023-07-10 23:47:16.998,5719,-106,120,80,5000,
2023-07-10 23:47:16.998,5730,-106,121,80,5000,
2023-07-10 23:47:17.044,5738,-106,120,80,5000,
2023-07-10 23:47:17.044,5746,-106,126,79,5000,
2023-07-10 23:47:17.085,5752,-106,125,79,5000,
2023-07-10 23:47:17.085,5758,-106,124,79,5000,
2023-07-10 23:47:17.135,5767,-107,122,79,300,
2023-07-10 23:47:17.135,5770,-107,126,79,300,
2023-07-10 23:47:17.135,5775,-107,126,79,300,
2023-07-10 23:47:17.182,5782,-107,129,79,300,
2023-07-10 23:47:17.182,5784,-107,125,79,300,
2023-07-10 23:47:17.237,5788,-107,126,79,300,
2023-07-10 23:47:17.237,5794,-107,129,79,300,
2023-07-10 23:47:17.300,5796,-106,128,79,300,
2023-07-10 23:47:17.300,5798,-106,125,79,300,
2023-07-10 23:47:17.344,5801,-106,129,79,300,
2023-07-10 23:47:17.344,5803,-105,128,79,300,
2023-07-10 23:47:17.393,5805,-105,132,79,300,
2023-07-10 23:47:17.393,5807,-104,124,79,300,
2023-07-10 23:47:17.467,5810,-104,127,79,300,
2023-07-10 23:47:17.467,5812,-104,124,79,300,
2023-07-10 23:47:17.483,5813,-104,118,79,300,
2023-07-10 23:47:17.483,5815,-103,127,79,300,
2023-07-10 23:47:17.483,5816,-102,120,79,300,
2023-07-10 23:47:17.567,5818,-102,123,79,300,
2023-07-10 23:47:17.567,5821,-102,122,79,300,
2023-07-10 23:47:17.598,5823,-102,116,79,300,
2023-07-10 23:47:17.598,5827,-102,118,79,300,
2023-07-10 23:47:17.673,5829,-101,117,79,300,
2023-07-10 23:47:17.673,5832,-101,114,79,300,
2023-07-10 23:47:17.686,5838,-101,123,79,300,
2023-07-10 23:47:17.686,5841,-101,121,79,300,
2023-07-10 23:47:17.760,5847,-101,116,79,300,
2023-07-10 23:47:17.760,5853,-101,118,79,300,
2023-07-10 23:47:17.791,5857,-101,114,79,300,
2023-07-10 23:47:17.791,5866,-102,117,79,300,
2023-07-10 23:47:17.845,5873,-103,117,79,300,
2023-07-10 23:47:17.845,5879,-103,119,79,300,
2023-07-10 23:47:17.901,5886,-103,121,79,5000,
2023-07-10 23:47:17.901,5898,-104,116,79,5000,
2023-07-10 23:47:17.952,5903,-104,115,79,5000,
2023-07-10 23:47:17.952,5917,-104,121,79,5000,
2023-07-10 23:47:17.999,5927,-105,116,79,5000,
2023-07-10 23:47:17.999,5935,-106,114,79,5000,
2023-07-10 23:47:18.052,5951,-108,115,80,5000,
2023-07-10 23:47:18.052,5964,-110,119,80,5000,
2023-07-10 23:47:18.110,5981,-112,115,80,5000,
2023-07-10 23:47:18.110,5989,-113,111,80,5000,
2023-07-10 23:47:18.152,6003,-114,120,80,5000,
2023-07-10 23:47:18.152,6022,-117,123,80,5000,
2023-07-10 23:47:18.199,6032,-118,115,80,5000,
2023-07-10 23:47:18.199,6051,-121,123,80,5000,
2023-07-10 23:47:18.253,6066,-123,113,80,5000,
2023-07-10 23:47:18.256,6077,-123,113,80,5000,
2023-07-10 23:47:18.306,6098,-126,120,80,5000,
2023-07-10 23:47:18.306,6114,-128,117,80,5000,
2023-07-10 23:47:18.354,6136,-129,109,80,5000,
2023-07-10 23:47:18.354,6147,-131,110,79,5000,
2023-07-10 23:47:18.417,6164,-132,115,79,5000,
2023-07-10 23:47:18.417,6186,-136,109,79,5000,
2023-07-10 23:47:18.452,6198,-137,117,79,5000,
2023-07-10 23:47:18.452,6220,-141,114,79,5000,
2023-07-10 23:47:18.515,6235,-144,116,79,5000,
2023-07-10 23:47:18.515,6246,-146,119,79,5000,
2023-07-10 23:47:18.568,6267,-149,112,79,5000,
2023-07-10 23:47:18.568,6283,-152,116,79,5000,
2023-07-10 23:47:18.599,6298,-154,112,79,5000,
2023-07-10 23:47:18.599,6313,-156,115,79,5000,
2023-07-10 23:47:18.662,6328,-157,115,79,5000,
2023-07-10 23:47:18.662,6347,-160,111,79,5000,
2023-07-10 23:47:18.722,6357,-161,115,79,5000,
2023-07-10 23:47:18.722,6375,-162,113,77,5000,
2023-07-10 23:47:18.770,6388,-164,109,77,5000,
2023-07-10 23:47:18.770,6397,-164,108,77,300,
2023-07-10 23:47:18.770,6412,-166,109,77,300,
2023-07-10 23:47:18.808,6423,-167,114,77,300,
2023-07-10 23:47:18.808,6430,-168,104,77,300,
2023-07-10 23:47:18.862,6444,-168,108,77,300,
2023-07-10 23:47:18.862,6453,-168,109,77,300,
2023-07-10 23:47:18.902,6459,-168,103,77,300,
2023-07-10 23:47:18.902,6469,-169,104,77,300,
2023-07-10 23:47:18.953,6480,-169,108,77,300,
2023-07-10 23:47:18.953,6485,-170,107,77,300,
2023-07-10 23:47:19.016,6493,-170,108,77,300,
2023-07-10 23:47:19.016,6504,-171,109,78,300,
2023-07-10 23:47:19.064,6509,-171,113,78,300,
2023-07-10 23:47:19.064,6517,-171,108,78,300,
2023-07-10 23:47:19.122,6527,-171,112,78,300,
2023-07-10 23:47:19.122,6533,-171,104,78,300,
2023-07-10 23:47:19.170,6541,-171,104,78,300,
2023-07-10 23:47:19.170,6546,-170,104,78,300,
2023-07-10 23:47:19.170,6558,-170,103,78,300,
2023-07-10 23:47:19.222,6567,-170,97,78,300,
2023-07-10 23:47:19.222,6573,-170,100,78,300,
2023-07-10 23:47:19.257,6585,-169,89,78,300,
2023-07-10 23:47:19.257,6595,-169,93,78,300,
2023-07-10 23:47:19.322,6601,-169,95,78,300,
2023-07-10 23:47:19.322,6610,-169,89,78,300,
2023-07-10 23:47:19.371,6620,-169,86,79,300,
2023-07-10 23:47:19.371,6634,-170,89,79,300,
2023-07-10 23:47:19.423,6641,-170,78,79,300,
2023-07-10 23:47:19.423,6653,-170,68,79,300,
2023-07-10 23:47:19.470,6664,-170,76,79,300,
2023-07-10 23:47:19.470,6672,-170,80,79,300,
2023-07-10 23:47:19.470,6686,-170,84,79,300,
2023-07-10 23:47:19.523,6696,-169,83,79,300,
2023-07-10 23:47:19.523,6706,-168,82,79,300,
2023-07-10 23:47:19.569,6720,-166,82,79,300,
2023-07-10 23:47:19.569,6727,-166,83,79,300,
2023-07-10 23:47:19.623,6746,-165,86,79,300,
2023-07-10 23:47:19.623,6761,-164,82,79,300,
2023-07-10 23:47:19.669,6777,-164,83,79,300,
2023-07-10 23:47:19.669,6788,-164,91,79,300,
2023-07-10 23:47:19.723,6804,-164,85,80,300,
2023-07-10 23:47:19.723,6824,-162,88,80,300,
2023-07-10 23:47:19.769,6835,-158,83,80,300,
2023-07-10 23:47:19.769,6851,-157,94,80,300,
2023-07-10 23:47:19.769,6862,-159,85,80,300,
2023-07-10 23:47:19.824,6877,-164,94,80,300,
2023-07-10 23:47:19.824,6891,-168,83,80,300,
2023-07-10 23:47:19.872,6902,-170,82,80,300,
2023-07-10 23:47:19.872,6916,-171,87,80,300,
2023-07-10 23:47:19.923,6927,-175,81,80,300,
2023-07-10 23:47:19.923,6933,-178,78,80,300,
2023-07-10 23:47:19.970,6948,-184,79,80,300,
2023-07-10 23:47:19.970,6960,-189,75,80,300,
2023-07-10 23:47:20.023,6965,-190,84,80,300,
2023-07-10 23:47:20.023,6971,-190,88,81,300,
2023-07-10 23:47:20.023,6988,-191,86,81,300,
2023-07-10 23:47:20.070,7005,-192,89,81,300,
2023-07-10 23:47:20.070,7016,-192,94,81,300,
2023-07-10 23:47:20.123,7027,-193,92,81,300,
2023-07-10 23:47:20.123,7042,-187,100,81,300,
2023-07-10 23:47:20.185,7057,-184,105,81,300,
2023-07-10 23:47:20.185,7070,-183,102,81,300,
2023-07-10 23:47:20.223,7084,-180,105,81,300,
2023-07-10 23:47:20.223,7097,-182,100,81,300,
2023-07-10 23:47:20.300,7108,-181,110,81,300,
2023-07-10 23:47:20.300,7121,-178,105,81,300,
2023-07-10 23:47:20.300,7132,-177,101,81,300,
2023-07-10 23:47:20.324,7145,-178,104,81,300,
2023-07-10 23:47:20.324,7158,-179,104,78,300,
2023-07-10 23:47:20.387,7168,-179,100,78,300,
2023-07-10 23:47:20.387,7176,-181,113,78,300,
2023-07-10 23:47:20.423,7190,-183,105,78,300,
2023-07-10 23:47:20.423,7202,-185,98,78,300,
2023-07-10 23:47:20.486,7210,-186,99,78,300,
2023-07-10 23:47:20.486,7221,-188,103,78,300,
2023-07-10 23:47:20.539,7234,-189,102,78,300,
2023-07-10 23:47:20.539,7238,-189,97,78,300,
2023-07-10 23:47:20.586,7245,-189,93,78,300,
2023-07-10 23:47:20.586,7251,-189,91,78,300,
2023-07-10 23:47:20.639,7263,-191,100,78,300,
2023-07-10 23:47:20.639,7272,-192,92,78,300,
2023-07-10 23:47:20.686,7278,-192,96,78,300,
2023-07-10 23:47:20.686,7284,-192,92,79,300,
2023-07-10 23:47:20.686,7292,-189,91,79,300,
2023-07-10 23:47:20.740,7296,-189,97,79,300,
2023-07-10 23:47:20.740,7301,-189,88,79,300,
2023-07-10 23:47:20.785,7307,-188,89,79,300,
2023-07-10 23:47:20.785,7310,-188,87,79,300,
2023-07-10 23:47:20.845,7316,-187,79,79,300,
2023-07-10 23:47:20.845,7317,-185,86,79,300,
2023-07-10 23:47:20.887,7318,-184,84,79,300,
2023-07-10 23:47:20.887,7321,-184,80,79,300,
2023-07-10 23:47:20.940,7324,-183,75,79,300,
2023-07-10 23:47:20.940,7327,-180,78,79,300,
2023-07-10 23:47:21.000,7331,-179,84,79,300,
2023-07-10 23:47:21.000,7333,-177,82,79,300,
2023-07-10 23:47:21.000,7336,-176,80,78,300,
2023-07-10 23:47:21.033,7339,-176,76,78,300,
2023-07-10 23:47:21.033,7341,-175,75,78,300,
2023-07-10 23:47:21.111,7346,-174,73,78,300,
2023-07-10 23:47:21.111,7350,-172,74,78,300,
2023-07-10 23:47:21.140,7353,-171,72,78,300,
2023-07-10 23:47:21.140,7357,-171,73,78,300,
2023-07-10 23:47:21.140,7359,-170,72,78,300,
2023-07-10 23:47:21.218,7360,-169,71,78,300,
2023-07-10 23:47:21.218,7361,-168,77,78,300,
2023-07-10 23:47:21.256,7362,-167,77,78,300,
2023-07-10 23:47:21.256,7367,-166,74,78,300,
2023-07-10 23:47:21.302,7372,-167,70,78,300,
2023-07-10 23:47:21.302,7374,-167,72,78,300,
2023-07-10 23:47:21.355,7375,-167,64,78,300,
2023-07-10 23:47:21.355,7377,-165,69,79,300,
2023-07-10 23:47:21.388,7378,-165,65,79,300,
2023-07-10 23:47:21.388,7382,-165,65,79,300,
2023-07-10 23:47:21.441,7386,-166,68,79,300,
2023-07-10 23:47:21.441,7388,-166,61,79,300,
2023-07-10 23:47:21.441,7390,-167,71,79,300,
2023-07-10 23:47:21.526,7391,-168,73,79,300,
2023-07-10 23:47:21.526,7392,-170,75,79,300,
2023-07-10 23:47:21.541,7393,-170,78,79,300,
2023-07-10 23:47:21.541,7394,-170,83,79,300,
2023-07-10 23:47:21.626,7397,-170,90,79,300,
2023-07-10 23:47:21.626,7398,-172,101,79,300,
2023-07-10 23:47:21.657,7400,-175,98,79,300,
2023-07-10 23:47:21.657,7401,-177,102,79,300,
2023-07-10 23:47:21.704,7401,-177,100,79,300,
2023-07-10 23:47:21.704,7402,-177,104,79,300,
2023-07-10 23:47:21.756,7403,-179,99,79,300,
2023-07-10 23:47:21.756,7404,-182,103,79,300,
2023-07-10 23:47:21.756,7405,-185,100,79,300,
2023-07-10 23:47:21.792,7407,-188,102,79,300,
2023-07-10 23:47:21.792,7407,-189,99,79,300,
2023-07-10 23:47:21.872,7407,-191,93,79,300,
2023-07-10 23:47:21.872,7407,-192,102,79,300,
2023-07-10 23:47:21.904,7408,-192,100,79,300,
2023-07-10 23:47:21.904,7409,-193,102,79,300,
2023-07-10 23:47:21.964,7411,-195,96,79,300,
2023-07-10 23:47:21.964,7411,-197,105,79,300,
2023-07-10 23:47:21.995,7411,-197,103,79,300,
2023-07-10 23:47:21.995,7411,-197,100,80,300,
2023-07-10 23:47:22.048,7411,-197,102,80,300,
2023-07-10 23:47:22.048,7411,-199,93,80,300,
2023-07-10 23:47:22.048,7411,-200,98,80,300,
2023-07-10 23:47:22.111,7411,-200,98,80,300,
2023-07-10 23:47:22.111,7411,-200,99,80,300,
2023-07-10 23:47:22.164,7411,-201,96,80,300,
2023-07-10 23:47:22.164,7409,-202,96,80,300,
2023-07-10 23:47:22.211,7405,-202,101,80,300,
2023-07-10 23:47:22.211,7405,-202,101,80,300,
2023-07-10 23:47:22.264,7404,-201,97,80,300,
2023-07-10 23:47:22.264,7403,-199,102,80,300,
2023-07-10 23:47:22.311,7402,-199,103,80,300,
2023-07-10 23:47:22.311,7398,-198,102,80,300,
2023-07-10 23:47:22.369,7395,-196,98,81,300,
2023-07-10 23:47:22.369,7392,-193,102,81,300,
2023-07-10 23:47:22.404,7391,-191,103,81,300,
2023-07-10 23:47:22.404,7390,-191,104,81,300,
2023-07-10 23:47:22.464,7389,-190,107,81,300,
2023-07-10 23:47:22.464,7389,-188,109,81,300,
2023-07-10 23:47:22.464,7388,-186,102,81,300,
2023-07-10 23:47:22.511,7386,-184,106,81,300,
2023-07-10 23:47:22.511,7385,-179,109,81,300,
2023-07-10 23:47:22.580,7384,-177,106,81,300,
2023-07-10 23:47:22.580,7384,-176,108,81,300,
2023-07-10 23:47:22.627,7384,-175,104,81,300,
2023-07-10 23:47:22.627,7384,-175,109,81,300,
2023-07-10 23:47:22.680,7383,-175,112,81,300,
2023-07-10 23:47:22.680,7382,-173,107,79,300,
2023-07-10 23:47:22.711,7380,-170,110,79,300,
2023-07-10 23:47:22.711,7380,-169,106,79,300,
2023-07-10 23:47:22.765,7380,-169,107,79,300,
2023-07-10 23:47:22.765,7379,-166,105,79,300,
2023-07-10 23:47:22.812,7379,-165,101,79,300,
2023-07-10 23:47:22.812,7377,-165,108,79,300,
2023-07-10 23:47:22.894,7374,-164,107,79,300,
2023-07-10 23:47:22.894,7374,-163,110,79,300,
2023-07-10 23:47:22.919,7374,-162,105,79,300,
2023-07-10 23:47:22.919,7373,-162,111,79,300,
2023-07-10 23:47:22.919,7373,-162,112,79,300,
2023-07-10 23:47:22.965,7373,-162,108,79,300,
2023-07-10 23:47:22.965,7373,-163,108,79,300,
2023-07-10 23:47:23.021,7373,-163,113,78,300,
2023-07-10 23:47:23.021,7372,-163,109,78,300,
2023-07-10 23:47:23.065,7372,-166,109,78,300,
2023-07-10 23:47:23.065,7373,-167,106,78,300,
2023-07-10 23:47:23.126,7374,-169,107,78,300,
2023-07-10 23:47:23.126,7376,-170,110,78,300,
2023-07-10 23:47:23.181,7376,-170,106,78,300,
2023-07-10 23:47:23.181,7377,-173,112,78,300,
2023-07-10 23:47:23.228,7379,-176,110,78,300,
2023-07-10 23:47:23.228,7381,-178,117,78,300,
2023-07-10 23:47:23.265,7383,-181,102,78,300,
2023-07-10 23:47:23.265,7385,-184,103,78,300,
2023-07-10 23:47:23.329,7386,-184,100,78,300,
2023-07-10 23:47:23.329,7387,-186,103,78,300,
2023-07-10 23:47:23.382,7388,-186,99,80,300,
2023-07-10 23:47:23.382,7389,-189,102,80,300,
2023-07-10 23:47:23.382,7391,-192,106,80,300,
2023-07-10 23:47:23.419,7395,-196,95,80,300,
2023-07-10 23:47:23.419,7396,-197,96,80,300,
2023-07-10 23:47:23.497,7396,-197,97,80,300,
2023-07-10 23:47:23.497,7397,-198,97,80,300,
2023-07-10 23:47:23.550,7397,-199,100,80,300,
2023-07-10 23:47:23.550,7399,-200,105,80,300,
2023-07-10 23:47:23.582,7401,-200,99,80,300,
2023-07-10 23:47:23.582,7402,-200,99,80,300,
2023-07-10 23:47:23.628,7403,-201,99,80,300,
2023-07-10 23:47:23.628,7404,-201,93,80,300,
2023-07-10 23:47:23.697,7404,-201,102,80,300,
2023-07-10 23:47:23.697,7405,-201,97,80,300,
2023-07-10 23:47:23.735,7405,-201,95,80,300,
2023-07-10 23:47:23.735,7408,-202,94,80,300,
2023-07-10 23:47:23.735,7410,-202,92,80,300,
2023-07-10 23:47:23.782,7411,-202,98,80,300,
2023-07-10 23:47:23.782,7412,-201,101,80,300,
2023-07-10 23:47:23.835,7412,-200,93,80,300,
2023-07-10 23:47:23.835,7412,-198,99,80,300,
2023-07-10 23:47:23.886,7413,-197,102,80,300,
2023-07-10 23:47:23.886,7414,-197,98,80,300,
2023-07-10 23:47:23.935,7415,-196,94,80,300,
2023-07-10 23:47:23.935,7416,-194,92,80,300,
2023-07-10 23:47:23.935,7416,-193,95,80,300,
2023-07-10 23:47:23.984,7416,-191,101,80,300,
2023-07-10 23:47:23.984,7415,-187,92,79,300,
2023-07-10 23:47:24.035,7415,-186,96,79,300,
2023-07-10 23:47:24.035,7414,-183,95,79,300,
2023-07-10 23:47:24.114,7413,-183,100,79,300,
2023-07-10 23:47:24.114,7412,-182,97,79,300,
2023-07-10 23:47:24.152,7410,-181,101,79,300,
2023-07-10 23:47:24.152,7407,-178,97,79,300,
2023-07-10 23:47:24.183,7405,-176,99,79,300,
2023-07-10 23:47:24.183,7403,-173,99,79,300,
2023-07-10 23:47:24.236,7401,-172,102,79,300,
2023-07-10 23:47:24.236,7399,-171,103,79,300,
2023-07-10 23:47:24.283,7397,-170,101,79,300,
2023-07-10 23:47:24.283,7395,-169,105,79,300,
2023-07-10 23:47:24.283,7393,-169,104,79,300,
2023-07-10 23:47:24.368,7389,-168,105,79,300,
2023-07-10 23:47:24.368,7387,-167,102,79,300,
2023-07-10 23:47:24.392,7386,-167,103,79,300,
2023-07-10 23:47:24.392,7384,-167,107,79,300,
2023-07-10 23:47:24.461,7383,-167,112,79,300,
2023-07-10 23:47:24.461,7382,-167,110,79,300,
2023-07-10 23:47:24.511,7379,-167,114,79,300,
2023-07-10 23:47:24.511,7378,-167,106,79,300,
2023-07-10 23:47:24.552,7377,-168,106,79,300,
2023-07-10 23:47:24.552,7375,-169,113,79,300,
2023-07-10 23:47:24.599,7374,-171,110,79,300,
2023-07-10 23:47:24.599,7373,-171,114,79,300,
2023-07-10 23:47:24.652,7372,-172,116,79,300,
2023-07-10 23:47:24.652,7370,-173,115,79,300,
2023-07-10 23:47:24.699,7369,-174,113,80,300,
2023-07-10 23:47:24.699,7369,-175,114,80,300,
2023-07-10 23:47:24.699,7369,-177,114,80,300,
2023-07-10 23:47:24.752,7368,-177,114,80,300,
2023-07-10 23:47:24.752,7368,-178,108,80,300,
2023-07-10 23:47:24.799,7367,-179,116,80,300,
2023-07-10 23:47:24.799,7367,-180,118,80,300,
2023-07-10 23:47:24.844,7367,-181,118,80,300,
2023-07-10 23:47:24.844,7367,-182,112,80,300,
2023-07-10 23:47:24.893,7367,-184,115,80,300,
2023-07-10 23:47:24.893,7367,-186,116,80,300,
2023-07-10 23:47:24.973,7368,-188,119,80,300,
2023-07-10 23:47:24.973,7368,-189,117,80,5000,
2023-07-10 23:47:24.998,7370,-189,113,80,5000,
2023-07-10 23:47:24.998,7371,-190,109,80,5000,
2023-07-10 23:47:25.052,7373,-191,104,80,5000,
2023-07-10 23:47:25.052,7375,-192,111,80,5000,
2023-07-10 23:47:25.103,7379,-192,112,80,5000,
2023-07-10 23:47:25.103,7380,-192,105,80,5000,
2023-07-10 23:47:25.184,7383,-193,107,80,5000,
2023-07-10 23:47:25.184,7387,-193,109,80,5000,
2023-07-10 23:47:25.199,7389,-193,107,80,5000,
2023-07-10 23:47:25.199,7393,-194,95,80,5000,
2023-07-10 23:47:25.252,7397,-194,99,80,5000,
2023-07-10 23:47:25.252,7400,-194,102,80,5000,
2023-07-10 23:47:25.299,7403,-194,100,80,5000,
2023-07-10 23:47:25.299,7405,-193,98,80,5000,
2023-07-10 23:47:25.353,7408,-192,93,79,5000,
2023-07-10 23:47:25.353,7411,-191,92,79,5000,
2023-07-10 23:47:25.409,7413,-189,95,79,5000,
2023-07-10 23:47:25.409,7415,-187,95,79,5000,
2023-07-10 23:47:25.470,7416,-187,101,79,5000,
2023-07-10 23:47:25.470,7417,-186,96,79,5000,
2023-07-10 23:47:25.506,7417,-185,95,79,5000,
2023-07-10 23:47:25.506,7418,-185,99,79,5000,
2023-07-10 23:47:25.552,7419,-184,97,79,5000,
2023-07-10 23:47:25.552,7419,-184,99,79,5000,
2023-07-10 23:47:25.552,7420,-183,94,79,5000,
2023-07-10 23:47:25.615,7420,-180,98,79,5000,
2023-07-10 23:47:25.615,7419,-179,99,79,300,
2023-07-10 23:47:25.655,7419,-177,97,79,300,
2023-07-10 23:47:25.655,7420,-175,99,79,300,
2023-07-10 23:47:25.701,7420,-174,96,79,300,
2023-07-10 23:47:25.701,7420,-173,95,79,300,
2023-07-10 23:47:25.755,7420,-173,99,79,300,
2023-07-10 23:47:25.755,7419,-173,97,79,300,
2023-07-10 23:47:25.755,7418,-171,102,79,300,
2023-07-10 23:47:25.818,7416,-171,100,79,300,
2023-07-10 23:47:25.818,7416,-171,93,79,300,
2023-07-10 23:47:25.869,7415,-171,95,79,300,
2023-07-10 23:47:25.869,7413,-171,99,79,300,
2023-07-10 23:47:25.909,7410,-171,94,79,300,
2023-07-10 23:47:25.909,7408,-170,96,79,300,
2023-07-10 23:47:25.956,7406,-170,102,79,300,
2023-07-10 23:47:25.956,7404,-170,103,79,300,
2023-07-10 23:47:26.009,7401,-171,101,78,300,
2023-07-10 23:47:26.009,7398,-172,101,78,300,
2023-07-10 23:47:26.065,7396,-172,104,78,300,
2023-07-10 23:47:26.065,7392,-173,107,78,300,
2023-07-10 23:47:26.133,7387,-173,106,78,300,
2023-07-10 23:47:26.133,7385,-173,114,78,300,
2023-07-10 23:47:26.172,7382,-174,114,78,300,
2023-07-10 23:47:26.172,7377,-175,108,78,300,
2023-07-10 23:47:26.218,7375,-175,109,78,300,
2023-07-10 23:47:26.218,7372,-175,112,78,5000,
2023-07-10 23:47:26.272,7369,-175,111,78,5000,
2023-07-10 23:47:26.272,7368,-175,115,78,5000,
2023-07-10 23:47:26.320,7364,-177,112,78,5000,
2023-07-10 23:47:26.320,7362,-178,113,80,5000,
2023-07-10 23:47:26.376,7360,-178,117,80,5000,
2023-07-10 23:47:26.376,7359,-178,120,80,5000,
2023-07-10 23:47:26.423,7358,-180,118,80,5000,
2023-07-10 23:47:26.423,7358,-181,117,80,5000,
2023-07-10 23:47:26.460,7357,-182,118,80,5000,
2023-07-10 23:47:26.460,7357,-182,116,80,5000,
2023-07-10 23:47:26.511,7357,-182,119,80,5000,
2023-07-10 23:47:26.511,7358,-183,117,80,5000,
2023-07-10 23:47:26.560,7360,-183,115,80,5000,
2023-07-10 23:47:26.560,7361,-183,120,80,5000,
2023-07-10 23:47:26.618,7363,-183,116,80,5000,
2023-07-10 23:47:26.618,7364,-183,112,80,5000,
2023-07-10 23:47:26.676,7365,-183,114,80,5000,
2023-07-10 23:47:26.676,7366,-183,115,79,5000,
2023-07-10 23:47:26.676,7369,-183,114,79,5000,
2023-07-10 23:47:26.723,7371,-183,109,79,5000,
2023-07-10 23:47:26.723,7374,-183,108,79,5000,
2023-07-10 23:47:26.777,7375,-182,108,79,5000,
2023-07-10 23:47:26.777,7377,-182,114,79,5000,
2023-07-10 23:47:26.825,7380,-181,105,79,5000,
2023-07-10 23:47:26.833,7381,-180,102,79,5000,
2023-07-10 23:47:26.874,7385,-179,107,79,5000,
2023-07-10 23:47:26.874,7388,-178,102,79,5000,
2023-07-10 23:47:26.949,7390,-178,104,79,5000,
2023-07-10 23:47:26.949,7393,-177,107,79,5000,
2023-07-10 23:47:26.981,7396,-177,102,79,5000,
2023-07-10 23:47:26.981,7400,-176,98,80,5000,
2023-07-10 23:47:27.027,7402,-176,101,80,5000,
2023-07-10 23:47:27.027,7405,-175,97,80,5000,
2023-07-10 23:47:27.081,7409,-175,97,80,5000,
2023-07-10 23:47:27.081,7410,-175,98,80,5000,
2023-07-10 23:47:27.150,7413,-175,97,80,5000,
2023-07-10 23:47:27.150,7417,-174,99,80,5000,
2023-07-10 23:47:27.181,7419,-174,100,80,5000,
2023-07-10 23:47:27.181,7421,-174,97,80,5000,
2023-07-10 23:47:27.231,7423,-173,98,80,5000,
2023-07-10 23:47:27.231,7424,-173,99,80,5000,
2023-07-10 23:47:27.282,7424,-173,98,80,5000,
2023-07-10 23:47:27.282,7425,-173,95,80,5000,
2023-07-10 23:47:27.352,7425,-173,100,77,5000,
2023-07-10 23:47:27.352,7425,-173,92,77,5000,
2023-07-10 23:47:27.385,7425,-173,98,77,5000,
2023-07-10 23:47:27.385,7425,-174,101,77,5000,
2023-07-10 23:47:27.432,7424,-174,95,77,5000,
2023-07-10 23:47:27.432,7422,-175,93,77,5000,
2023-07-10 23:47:27.483,7420,-177,95,77,5000,
2023-07-10 23:47:27.483,7418,-177,98,77,5000,
2023-07-10 23:47:27.483,7416,-177,102,77,5000,
2023-07-10 23:47:27.538,7414,-177,103,77,5000,
2023-07-10 23:47:27.538,7411,-178,100,77,5000,
2023-07-10 23:47:27.583,7408,-178,104,77,5000,
